x1,y1,x2,y2vx1,vy1,vx2,vy2
0, 1, 0, -0.5, 0.8, 0, -0.4, 0
0.08, 0.995556, -0.04, -0.497778, 0.8, -0.0888889, -0.4, 0.0444444
0.159286, 0.982229, -0.0796431, -0.491114, 0.792862, -0.177711, -0.396431, 0.0888557
0.237135, 0.960041, -0.118568, -0.48002, 0.778492, -0.266327, -0.389246, 0.133164
0.312805, 0.929028, -0.156402, -0.464514, 0.756695, -0.354572, -0.378347, 0.177286
0.385523, 0.889248, -0.192761, -0.444624, 0.727178, -0.442238, -0.363589, 0.221119
0.454477, 0.840787, -0.227238, -0.420394, 0.689539, -0.529054, -0.34477, 0.264527
0.518803, 0.783766, -0.259402, -0.391883, 0.643268, -0.614658, -0.321634, 0.307329
0.577576, 0.718355, -0.288788, -0.359177, 0.587731, -0.698558, -0.293865, 0.349279
0.629794, 0.64479, -0.314897, -0.322395, 0.522175, -0.780093, -0.261087, 0.390046
0.674366, 0.563398, -0.337183, -0.281699, 0.445722, -0.858366, -0.222861, 0.429183
0.710104, 0.474625, -0.355052, -0.237313, 0.357381, -0.93217, -0.178691, 0.466085
0.735712, 0.379082, -0.367856, -0.189541, 0.25608, -0.999879, -0.12804, 0.49994
0.749784, 0.277594, -0.374892, -0.138797, 0.140723, -1.05932, -0.0703614, 0.529659
0.750816, 0.171279, -0.375408, -0.0856395, 0.0103182, -1.1076, -0.00515911, 0.553799
0.737235, 0.0616302, -0.368618, -0.0308151, -0.135809, -1.14093, 0.0679046, 0.570466
0.70747, -0.0493716, -0.353735, 0.0246858, -0.297654, -1.15446, 0.148827, 0.577231
0.660074, -0.159143, -0.330037, 0.0795715, -0.47396, -1.14216, 0.23698, 0.571079
0.593934, -0.264395, -0.296967, 0.132198, -0.661396, -1.09697, 0.330698, 0.548484
0.508582, -0.361095, -0.254291, 0.180547, -0.853526, -1.01144, 0.426763, 0.50572
0.404599, -0.444567, -0.2023, 0.222284, -1.03982, -0.879167, 0.519912, 0.439584
0.284059, -0.509846, -0.14203, 0.254923, -1.2054, -0.697235, 0.6027, 0.348618
0.150819, -0.552329, -0.0754094, 0.276165, -1.33241, -0.469276, 0.666203, 0.234638
0.0104353, -0.568655, -0.00521767, 0.284327, -1.40383, -0.207696, 0.701917, 0.103848
-0.130452, -0.557505, 0.0652261, 0.278753, -1.40888, 0.0670497, 0.704438, -0.0335249
-0.265162, -0.519954, 0.132581, 0.259977, -1.3471, 0.331062, 0.673549, -0.165531
-0.388018, -0.459159, 0.194009, 0.22958, -1.22856, 0.563509, 0.614279, -0.281755
-0.494997, -0.379577, 0.247499, 0.189788, -1.0698, 0.751378, 0.534898, -0.375689
-0.583849, -0.286093, 0.291924, 0.143047, -0.888513, 0.890391, 0.444257, -0.445195
-0.653818, -0.183357, 0.326909, 0.0916786, -0.69969, 0.982916, 0.349845, -0.491458
-0.705225, -0.0754158, 0.352613, 0.0377079, -0.514074, 1.03497, 0.257037, -0.517485
-0.739062, 0.0344047, 0.369531, -0.0172024, -0.338369, 1.05376, 0.169185, -0.52688
-0.756678, 0.14347, 0.378339, -0.071735, -0.17616, 1.04621, 0.08808, -0.523105
-0.75957, 0.249744, 0.379785, -0.124872, -0.028923, 1.01829, 0.0144615, -0.509146
-0.749255, 0.351675, 0.374627, -0.175837, 0.103158, 0.974865, -0.0515788, -0.487432
-0.727193, 0.448092, 0.363596, -0.224046, 0.220617, 0.919733, -0.110308, -0.459867
-0.694759, 0.538119, 0.34738, -0.269059, 0.324339, 0.85582, -0.16217, -0.42791
-0.653225, 0.621097, 0.326613, -0.310549, 0.415338, 0.785338, -0.207669, -0.392669
-0.603763, 0.696537, 0.301881, -0.348268, 0.494625, 0.70995, -0.247313, -0.354975
-0.547448, 0.764071, 0.273724, -0.382036, 0.563146, 0.630901, -0.281573, -0.315451
-0.485274, 0.823427, 0.242637, -0.411714, 0.621743, 0.549117, -0.310871, -0.274559
-0.418159, 0.874401, 0.20908, -0.4372, 0.671146, 0.465288, -0.335573, -0.232644
-0.346963, 0.916838, 0.173481, -0.458419, 0.711968, 0.379927, -0.355984, -0.189964
-0.272492, 0.950624, 0.136246, -0.475312, 0.744706, 0.293416, -0.372353, -0.146708
-0.195517, 0.975672, 0.0977583, -0.487836, 0.769752, 0.206041, -0.384876, -0.10302
-0.116778, 0.991919, 0.0583888, -0.495959, 0.787391, 0.118019, -0.393696, -0.0590094
-0.0369966, 0.999315, 0.0184983, -0.499658, 0.79781, 0.0295219, -0.398905, -0.0147609
0.0431132, 0.997829, -0.0215566, -0.498915, 0.801098, -0.0593062, -0.400549, 0.0296531
0.122838, 0.98744, -0.0614192, -0.49372, 0.797252, -0.148333, -0.398626, 0.0741664
0.201455, 0.968143, -0.100728, -0.484071, 0.786169, -0.237421, -0.393085, 0.118711
0.27822, 0.939946, -0.13911, -0.469973, 0.767651, -0.326414, -0.383825, 0.163207
0.35236, 0.902879, -0.17618, -0.451439, 0.741396, -0.415115, -0.370698, 0.207558
0.423059, 0.856996, -0.21153, -0.428498, 0.706993, -0.503269, -0.353496, 0.251634
0.489451, 0.802388, -0.244725, -0.401194, 0.663916, -0.590529, -0.331958, 0.295265
0.550603, 0.739189, -0.275301, -0.369594, 0.611516, -0.676432, -0.305758, 0.338216
0.605504, 0.667599, -0.302752, -0.3338, 0.549015, -0.760341, -0.274507, 0.38017
0.653054, 0.587904, -0.326527, -0.293952, 0.475501, -0.841394, -0.23775, 0.420697
0.692048, 0.500507, -0.346024, -0.250253, 0.389939, -0.918419, -0.19497, 0.45921
0.721168, 0.405968, -0.360584, -0.202984, 0.291198, -0.989832, -0.145599, 0.494916
0.738978, 0.305063, -0.369489, -0.152531, 0.178101, -1.0535, -0.0890505, 0.526749
0.743933, 0.198851, -0.371966, -0.0994254, 0.0495507, -1.10657, -0.0247754, 0.553283
0.734406, 0.0887677, -0.367203, -0.0443839, -0.0952676, -1.14527, 0.0476338, 0.572637
0.708753, -0.0232645, -0.354377, 0.0116322, -0.256528, -1.16477, 0.128264, 0.582383
0.665434, -0.134717, -0.332717, 0.0673584, -0.433195, -1.15897, 0.216597, 0.579484
0.603214, -0.242343, -0.301607, 0.121171, -0.622198, -1.1207, 0.311099, 0.560352
0.521477, -0.342127, -0.260738, 0.171064, -0.817375, -1.04229, 0.408688, 0.521145
0.420633, -0.429377, -0.210316, 0.214688, -1.00844, -0.916939, 0.504219, 0.45847
0.302572, -0.499051, -0.151286, 0.249526, -1.18061, -0.741191, 0.590304, 0.370596
0.170981, -0.54641, -0.0854905, 0.273205, -1.31591, -0.518029, 0.657955, 0.259014
0.031292, -0.567889, -0.015646, 0.283944, -1.39689, -0.259234, 0.698446, 0.129617
-0.109909, -0.56193, 0.0549545, 0.280965, -1.41201, 0.0151423, 0.706005, -0.00757116
-0.245906, -0.529363, 0.122953, 0.264681, -1.35997, 0.281231, 0.679983, -0.140615
-0.37091, -0.473133, 0.185455, 0.236566, -1.25005, 0.517852, 0.625024, -0.258926
-0.480742, -0.397548, 0.240371, 0.198774, -1.09831, 0.711403, 0.549157, -0.355702
-0.572971, -0.307407, 0.286485, 0.153704, -0.92229, 0.856966, 0.461145, -0.428483
-0.646673, -0.207327, 0.323337, 0.103663, -0.737028, 0.956361, 0.368514, -0.478181
-0.702022, -0.101362, 0.351011, 0.0506808, -0.553484, 1.01521, 0.276742, -0.507603
-0.739884, 0.00712834, 0.369942, -0.00356417, -0.378618, 1.04045, 0.189309, -0.520227
-0.76151, 0.115462, 0.380755, -0.0577309, -0.216265, 1.03889, 0.108133, -0.519445
-0.768322, 0.221549, 0.384161, -0.110775, -0.0681194, 1.01643, 0.0340597, -0.508214
-0.761776, 0.323785, 0.380888, -0.161892, 0.0654568, 0.977911, -0.0327284, -0.488955
-0.743291, 0.420945, 0.371645, -0.210473, 0.184857, 0.927161, -0.0924287, -0.46358
-0.714205, 0.512103, 0.357102, -0.256051, 0.290859, 0.86713, -0.145429, -0.433565
-0.675766, 0.596553, 0.337883, -0.298277, 0.384391, 0.800065, -0.192195, -0.400032
-0.629125, 0.673765, 0.314563, -0.336882, 0.466403, 0.727666, -0.233202, -0.363833
-0.575346, 0.74333, 0.287673, -0.371665, 0.537794, 0.65121, -0.268897, -0.325605
-0.515409, 0.80494, 0.257704, -0.40247, 0.599371, 0.571653, -0.299686, -0.285827
-0.450225, 0.858356, 0.225113, -0.429178, 0.651838, 0.489714, -0.325919, -0.244857
-0.380646, 0.903392, 0.190323, -0.451696, 0.695787, 0.405925, -0.347893, -0.202962
-0.307476, 0.939906, 0.153738, -0.469953, 0.731702, 0.320687, -0.365851, -0.160344
-0.23148, 0.96778, 0.11574, -0.48389, 0.759962, 0.2343, -0.379981, -0.11715
-0.153396, 0.986924, 0.0766978, -0.493462, 0.780845, 0.146993, -0.390422, -0.0734964
-0.0739425, 0.997262, 0.0369713, -0.498631, 0.79453, 0.0589426, -0.397265, -0.0294713
0.00616777, 0.998737, -0.00308389, -0.499368, 0.801103, -0.029703, -0.400552, 0.0148515
0.086223, 0.9913, -0.0431115, -0.49565, 0.800553, -0.118812, -0.400276, 0.0594059
0.1655, 0.974919, -0.0827502, -0.48746, 0.792773, -0.208251, -0.396387, 0.104125
0.243256, 0.949577, -0.121628, -0.474788, 0.77756, -0.29787, -0.38878, 0.148935
0.318717, 0.915273, -0.159358, -0.457636, 0.754603, -0.387485, -0.377301, 0.193743
0.391065, 0.872032, -0.195532, -0.436016, 0.723482, -0.476855, -0.361741, 0.238427
0.459431, 0.819911, -0.229715, -0.409955, 0.68366, -0.565654, -0.34183, 0.282827
0.522878, 0.759011, -0.261439, -0.379505, 0.63447, -0.653441, -0.317235, 0.32672
0.580389, 0.689494, -0.290194, -0.344747, 0.575108, -0.73961, -0.287554, 0.369805
0.630852, 0.611606, -0.315426, -0.305803, 0.504634, -0.823332, -0.252317, 0.411666
0.673049, 0.525703, -0.336525, -0.262851, 0.42197, -0.903475, -0.210985, 0.451737
0.705641, 0.432298, -0.352821, -0.216149, 0.325923, -0.978494, -0.162961, 0.489247
0.727165, 0.332112, -0.363583, -0.166056, 0.215241, -1.0463, -0.107621, 0.523151
0.736038, 0.226148, -0.368019, -0.113074, 0.0887211, -1.10409, -0.0443605, 0.552043
0.730579, 0.11578, -0.365289, -0.0578902, -0.0545907, -1.14812, 0.0272953, 0.574059
0.709074, 0.00287014, -0.354537, -0.00143507, -0.215046, -1.17355, 0.107523, 0.586774
0.66989, -0.110112, -0.334945, 0.0550558, -0.391835, -1.17426, 0.195917, 0.587131
0.611675, -0.219965, -0.305838, 0.109983, -0.582149, -1.14298, 0.291075, 0.57149
0.533664, -0.3227, -0.266832, 0.16135, -0.78011, -1.07179, 0.390055, 0.535896
0.436096, -0.413609, -0.218048, 0.206804, -0.975681, -0.953532, 0.487841, 0.476766
0.320675, -0.487585, -0.160338, 0.243792, -1.15421, -0.784207, 0.577106, 0.392104
0.190912, -0.539755, -0.0954561, 0.269877, -1.29763, -0.566142, 0.648815, 0.283071
0.0521065, -0.566358, -0.0260532, 0.283179, -1.38806, -0.310481, 0.694028, 0.155241
-0.0892167, -0.565598, 0.0446084, 0.282799, -1.41323, -0.0368448, 0.706616, 0.0184224
-0.226316, -0.538058, 0.113158, 0.269029, -1.37099, 0.230961, 0.685494, -0.115481
-0.3533, -0.48647, 0.17665, 0.243235, -1.26984, 0.471437, 0.634921, -0.235718
-0.465834, -0.414985, 0.232917, 0.207492, -1.12534, 0.670407, 0.562669, -0.335204
-0.561315, -0.328308, 0.280657, 0.164154, -0.95481, 0.822321, 0.477405, -0.411161
-0.638651, -0.231019, 0.319325, 0.115509, -0.773359, 0.92845, 0.38668, -0.464225
-0.697864, -0.127174, 0.348932, 0.0635869, -0.592136, 0.994004, 0.296068, -0.497002
-0.739699, -0.0201619, 0.369849, 0.0100809, -0.418346, 1.02567, 0.209173, -0.512837
-0.765306, 0.0872923, 0.382653, -0.0436462, -0.25607, 1.0301, 0.128035, -0.515049
-0.776028, 0.193049, 0.388014, -0.0965243, -0.107218, 1.01312, 0.0536088, -0.506559
-0.77326, 0.295449, 0.38663, -0.147725, 0.0276717, 0.979563, -0.0138359, -0.489782
-0.758375, 0.39322, 0.379188, -0.19661, 0.14885, 0.933263, -0.0744252, -0.466631
-0.732677, 0.485384, 0.366338, -0.242692, 0.256985, 0.877194, -0.128493, -0.438597
-0.697385, 0.571192, 0.348692, -0.285596, 0.352922, 0.813638, -0.176461, -0.406819
-0.65363, 0.650069, 0.326815, -0.325035, 0.437547, 0.744326, -0.218774, -0.372163
-0.602459, 0.72157, 0.301229, -0.360785, 0.51171, 0.670567, -0.255855, -0.335283
-0.54484, 0.78535, 0.27242, -0.392675, 0.576183, 0.593347, -0.288092, -0.296674
-0.481676, 0.841135, 0.240838, -0.420567, 0.631641, 0.513408, -0.315821, -0.256704
-0.413811, 0.88871, 0.206905, -0.444355, 0.678657, 0.431306, -0.339329, -0.215653
-0.342041, 0.9279, 0.17102, -0.46395, 0.717699, 0.347458, -0.35885, -0.173729
-0.267127, 0.958563, 0.133564, -0.479281, 0.749135, 0.262178, -0.374567, -0.131089
-0.189804, 0.980577, 0.0949019, -0.490289, 0.773233, 0.175705, -0.386616, -0.0878524
-0.110787, 0.993844, 0.0553936, -0.496922, 0.790166, 0.088222, -0.395083, -0.044111
-0.0307858, 0.998277, 0.0153929, -0.499138, 0.800014, -0.000119697, -0.400007, 5.98485e-05
0.0494903, 0.993802, -0.0247451, -0.496901, 0.802761, -0.0891887, -0.40138, 0.0445943
0.12932, 0.980361, -0.0646599, -0.490181, 0.798296, -0.178856, -0.399148, 0.089428
0.207961, 0.957908, -0.10398, -0.478954, 0.786407, -0.268979, -0.393204, 0.13449
0.284639, 0.926413, -0.142319, -0.463207, 0.76678, -0.359386, -0.38339, 0.179693
0.358537, 0.885873, -0.179269, -0.442936, 0.738986, -0.449849, -0.369493, 0.224924
0.428784, 0.836311, -0.214392, -0.418155, 0.702473, -0.540065, -0.351236, 0.270033
0.49444, 0.777794, -0.24722, -0.388897, 0.656559, -0.629617, -0.328279, 0.314808
0.554482, 0.710445, -0.277241, -0.355223, 0.600419, -0.717928, -0.30021, 0.358964
0.607791, 0.634469, -0.303895, -0.317235, 0.533082, -0.804206, -0.266541, 0.402103
0.653133, 0.550178, -0.326567, -0.275089, 0.453428, -0.887356, -0.226714, 0.443678
0.689154, 0.458034, -0.344577, -0.229017, 0.360208, -0.965882, -0.180104, 0.482941
0.714363, 0.358705, -0.357182, -0.179352, 0.252093, -1.03774, -0.126047, 0.518869
0.727141, 0.253133, -0.363571, -0.126567, 0.127776, -1.10016, -0.0638879, 0.550081
0.725758, 0.142632, -0.362879, -0.0713158, -0.0138336, -1.14946, 0.00691681, 0.57473
0.708431, 0.0289967, -0.354216, -0.0144984, -0.173266, -1.18079, 0.0866331, 0.590396
0.673437, -0.0853612, -0.336719, 0.0426806, -0.349936, -1.18802, 0.174968, 0.594012
0.619307, -0.197293, -0.309654, 0.0986467, -0.541304, -1.16377, 0.270652, 0.581883
0.545129, -0.302839, -0.272564, 0.15142, -0.741782, -1.0999, 0.370891, 0.54995
0.450969, -0.397284, -0.225485, 0.198642, -0.941597, -0.988896, 0.470798, 0.494448
0.338344, -0.475462, -0.169172, 0.237731, -1.12625, -0.826224, 0.563125, 0.413112
0.210585, -0.532373, -0.105293, 0.266186, -1.27759, -0.613552, 0.638795, 0.306776
0.0728508, -0.564065, -0.0364254, 0.282033, -1.37734, -0.36137, 0.688672, 0.180685
-0.0684033, -0.568505, 0.0342016, 0.284253, -1.41254, -0.0888411, 0.706271, 0.0444206
-0.206419, -0.546028, 0.103209, 0.273014, -1.38016, 0.180322, 0.690078, -0.0901609
-0.33521, -0.499151, 0.167605, 0.249576, -1.28791, 0.424326, 0.643956, -0.212163
-0.450293, -0.431862, 0.225147, 0.215931, -1.15083, 0.628446, 0.575417, -0.314223
-0.548896, -0.348767, 0.274448, 0.174384, -0.98603, 0.786505, 0.493015, -0.393252
-0.62976, -0.254401, 0.31488, 0.1272, -0.808635, 0.899221, 0.404317, -0.44961
-0.692758, -0.152817, 0.346379, 0.0764086, -0.629977, 0.971393, 0.314988, -0.485696
-0.738508, -0.0474288, 0.369254, 0.0237144, -0.457499, 1.00944, 0.22875, -0.50472
-0.76806, 0.0589999, 0.38403, -0.0295, -0.295521, 1.01984, 0.147761, -0.509921
-0.782676, 0.164281, 0.391338, -0.0821406, -0.146164, 1.00837, 0.0730822, -0.504185
-0.783691, 0.266708, 0.391845, -0.133354, -0.0101462, 0.979819, 0.00507308, -0.48991
-0.772426, 0.364955, 0.386213, -0.182478, 0.112645, 0.938031, -0.0563225, -0.469015
-0.75015, 0.458, 0.375075, -0.229, 0.222765, 0.886001, -0.111383, -0.443001
-0.718052, 0.545048, 0.359026, -0.272524, 0.320976, 0.826039, -0.160488, -0.41302
-0.677242, 0.625483, 0.338621, -0.312742, 0.408098, 0.759908, -0.204049, -0.379954
-0.628749, 0.698823, 0.314375, -0.349411, 0.484931, 0.688947, -0.242466, -0.344473
-0.573528, 0.764684, 0.286764, -0.382342, 0.552211, 0.614169, -0.276105, -0.307085
-0.51247, 0.822762, 0.256235, -0.411381, 0.610584, 0.53634, -0.305292, -0.26817
-0.446409, 0.87281, 0.223205, -0.436405, 0.660602, 0.456037, -0.330301, -0.228018
-0.376138, 0.914624, 0.188069, -0.457312, 0.702718, 0.373694, -0.351359, -0.186847
-0.302409, 0.948032, 0.151205, -0.474016, 0.737286, 0.289637, -0.368643, -0.144819
-0.225953, 0.972888, 0.112976, -0.486444, 0.764566, 0.204116, -0.382283, -0.102058
-0.14748, 0.989065, 0.0737401, -0.494532, 0.784724, 0.11732, -0.392362, -0.0586601
-0.0676969, 0.99645, 0.0338484, -0.498225, 0.797833, 0.0294032, -0.398917, -0.0147016
0.0126905, 0.994944, -0.00634523, -0.497472, 0.803873, -0.0595039, -0.401937, 0.029752
0.0929633, 0.984461, -0.0464816, -0.49223, 0.802728, -0.149277, -0.401364, 0.0746383
0.172382, 0.964927, -0.0861908, -0.482463, 0.794182, -0.239781, -0.397091, 0.11989
0.250173, 0.936286, -0.125086, -0.468143, 0.777912, -0.330854, -0.388956, 0.165427
0.325521, 0.898502, -0.16276, -0.449251, 0.753481, -0.422288, -0.376741, 0.211144
0.397554, 0.851566, -0.198777, -0.425783, 0.720328, -0.513798, -0.360164, 0.256899
0.465329, 0.795511, -0.232664, -0.397756, 0.677754, -0.604992, -0.338877, 0.302496
0.52782, 0.730423, -0.26391, -0.365212, 0.624914, -0.695326, -0.312457, 0.347663
0.583901, 0.656464, -0.29195, -0.328232, 0.560806, -0.784041, -0.280403, 0.39202
0.632328, 0.573899, -0.316164, -0.28695, 0.484272, -0.870087, -0.242136, 0.435043
0.671729, 0.483143, -0.335864, -0.241571, 0.394006, -0.952011, -0.197003, 0.476006
0.700589, 0.384805, -0.350295, -0.192403, 0.288606, -1.02782, -0.144303, 0.51391
0.717256, 0.27977, -0.358628, -0.139885, 0.166662, -1.0948, -0.083331, 0.5474
0.71995, 0.169285, -0.359975, -0.0846423, 0.026948, -1.1493, -0.013474, 0.574648
0.706826, 0.0550798, -0.353413, -0.0275399, -0.131245, -1.18649, 0.0656223, 0.593246
0.67607, -0.0604989, -0.338035, 0.0302494, -0.307555, -1.20023, 0.153778, 0.600116
0.626099, -0.174358, -0.313049, 0.087179, -0.499717, -1.18304, 0.249859, 0.591518
0.555855, -0.282572, -0.277927, 0.141286, -0.702441, -1.12658, 0.35122, 0.56329
0.465231, -0.380425, -0.232616, 0.190213, -0.906231, -1.02298, 0.453116, 0.511491
0.355555, -0.462699, -0.177778, 0.23135, -1.09676, -0.867185, 0.54838, 0.433592
0.229974, -0.524274, -0.114987, 0.262137, -1.25582, -0.660194, 0.62791, 0.330097
0.0934971, -0.561013, -0.0467485, 0.280506, -1.36476, -0.41183, 0.682382, 0.205915
-0.0474967, -0.570646, 0.0237483, 0.285323, -1.40994, -0.140776, 0.704969, 0.0703882
-0.186242, -0.553264, 0.0931209, 0.276632, -1.38745, 0.129381, 0.693726, -0.0646904
-0.316666, -0.511161, 0.158333, 0.25558, -1.30424, 0.376585, 0.652118, -0.188292
-0.434142, -0.448158, 0.217071, 0.224079, -1.17477, 0.585577, 0.587383, -0.292789
-0.535733, -0.368758, 0.267866, 0.184379, -1.01591, 0.749564, 0.507954, -0.374782
-0.620013, -0.277442, 0.310007, 0.138721, -0.842807, 0.868713, 0.421403, -0.434357
-0.686709, -0.178257, 0.343355, 0.0891285, -0.666956, 0.947403, 0.333478, -0.473701
-0.736311, -0.0746353, 0.368156, 0.0373176, -0.496024, 0.991773, 0.248012, -0.495887
-0.769768, 0.0306231, 0.384884, -0.0153116, -0.334564, 1.00814, 0.167282, -0.50407
-0.788259, 0.135286, 0.394129, -0.0676431, -0.184907, 1.00219, 0.0924534, -0.501093
-0.793053, 0.237599, 0.396527, -0.118799, -0.0479453, 0.97868, 0.0239726, -0.48934
-0.785424, 0.336189, 0.392712, -0.168094, 0.0762905, 0.941459, -0.0381453, -0.470729
-0.766599, 0.429987, 0.3833, -0.214994, 0.188246, 0.893538, -0.0941229, -0.446769
-0.73774, 0.518157, 0.36887, -0.259078, 0.288595, 0.837252, -0.144298, -0.418626
-0.699931, 0.60004, 0.349965, -0.30002, 0.378094, 0.774392, -0.189047, -0.387196
-0.654181, 0.675117, 0.327091, -0.337559, 0.457492, 0.706325, -0.228746, -0.353162
-0.601433, 0.742971, 0.300716, -0.371485, 0.527486, 0.63409, -0.263743, -0.317045
-0.542563, 0.803263, 0.271282, -0.401631, 0.588695, 0.558478, -0.294347, -0.279239
-0.478399, 0.855716, 0.239199, -0.427858, 0.641646, 0.480083, -0.320823, -0.240042
-0.409721, 0.900096, 0.20486, -0.450048, 0.686777, 0.399357, -0.343389, -0.199678
-0.337278, 0.936204, 0.168639, -0.468102, 0.72443, 0.316639, -0.362215, -0.15832
-0.261792, 0.963867, 0.130896, -0.481934, 0.754855, 0.232187, -0.377427, -0.116093
-0.183971, 0.982932, 0.0919856, -0.491466, 0.77821, 0.146197, -0.389105, -0.0730986
-0.104515, 0.993259, 0.0522575, -0.496629, 0.794563, 0.0588256, -0.397282, -0.0294128
-0.0241261, 0.994723, 0.012063, -0.497362, 0.803889, -0.0297981, -0.401944, 0.014899
0.0564805, 0.987212, -0.0282402, -0.493606, 0.806066, -0.119553, -0.403033, 0.0597767
0.136568, 0.970625, -0.0682839, -0.485313, 0.800873, -0.210314, -0.400436, 0.105157
0.215366, 0.944877, -0.107683, -0.472438, 0.787982, -0.301931, -0.393991, 0.150965
0.292061, 0.9099, -0.14603, -0.45495, 0.766949, -0.39421, -0.383475, 0.197105
0.365781, 0.865656, -0.182891, -0.432828, 0.737201, -0.486888, -0.368601, 0.243444
0.435584, 0.81214, -0.217792, -0.40607, 0.698026, -0.5796, -0.349013, 0.2898
0.500439, 0.749401, -0.25022, -0.374701, 0.648558, -0.671833, -0.324279, 0.335916
0.559216, 0.677559, -0.279608, -0.33878, 0.587768, -0.762865, -0.293884, 0.381432
0.610662, 0.596835, -0.305331, -0.298417, 0.514458, -0.851689, -0.257229, 0.425844
0.653389, 0.507589, -0.326695, -0.253795, 0.427272, -0.936901, -0.213636, 0.468451
0.685862, 0.410378, -0.342931, -0.205189, 0.32473, -1.01656, -0.162365, 0.50828
0.706395, 0.306022, -0.353197, -0.153011, 0.205326, -1.088, -0.102663, 0.544002
0.713165, 0.195703, -0.356582, -0.0978517, 0.0676987, -1.14763, -0.0338493, 0.573814
0.704261, 0.0810839, -0.35213, -0.040542, -0.0890381, -1.19064, 0.0445191, 0.595319
0.677786, -0.0355585, -0.338893, 0.0177792, -0.26475, -1.21087, 0.132375, 0.605434
0.632041, -0.15119, -0.316021, 0.075595, -0.457446, -1.20076, 0.228723, 0.60038
0.565827, -0.261925, -0.282914, 0.130962, -0.662141, -1.15179, 0.331071, 0.575897
0.478864, -0.363055, -0.239432, 0.181528, -0.869633, -1.05575, 0.434816, 0.527873
0.372286, -0.449314, -0.186143, 0.224657, -1.06578, -0.907034, 0.53289, 0.453517
0.249051, -0.51547, -0.124526, 0.257735, -1.23235, -0.706004, 0.616173, 0.353002
0.114017, -0.557205, -0.0570087, 0.278602, -1.35034, -0.461794, 0.675169, 0.230897
-0.0265251, -0.572018, 0.0132625, 0.286009, -1.40543, -0.19258, 0.702713, 0.0962901
-0.165812, -0.559753, 0.082906, 0.279877, -1.39287, 0.078207, 0.696434, -0.0391035
-0.297691, -0.522481, 0.148846, 0.261241, -1.31879, 0.328277, 0.659396, -0.164138
-0.417401, -0.463851, 0.208701, 0.231925, -1.1971, 0.541858, 0.598551, -0.270929
-0.521841, -0.388251, 0.260921, 0.194126, -1.0444, 0.711551, 0.522201, -0.355776
-0.609424, -0.30011, 0.304712, 0.150055, -0.875829, 0.836969, 0.437914, -0.418485
-0.679727, -0.203459, 0.339863, 0.101729, -0.703022, 0.922068, 0.351511, -0.461034
-0.733113, -0.101744, 0.366557, 0.0508722, -0.533868, 0.9727, 0.266934, -0.48635
-0.770428, 0.00220064, 0.385214, -0.00110032, -0.373146, 0.995005, 0.186573, -0.497503
-0.792767, 0.106103, 0.396384, -0.0530514, -0.223392, 0.994578, 0.111696, -0.497289
-0.801335, 0.208162, 0.400667, -0.104081, -0.0856741, 0.976146, 0.042837, -0.488073
-0.797351, 0.30696, 0.398675, -0.15348, 0.0398365, 0.943542, -0.0199182, -0.471771
-0.782004, 0.401384, 0.391002, -0.200692, 0.153473, 0.899795, -0.0767366, -0.449897
-0.756421, 0.490555, 0.378211, -0.245277, 0.255824, 0.84726, -0.127912, -0.42363
-0.721663, 0.573775, 0.360832, -0.286887, 0.347577, 0.787756, -0.173789, -0.393878
-0.67872, 0.650487, 0.33936, -0.325243, 0.429432, 0.722676, -0.214716, -0.361338
-0.628516, 0.72024, 0.314258, -0.36012, 0.502044, 0.653084, -0.251022, -0.326542
-0.571915, 0.782663, 0.285958, -0.391332, 0.566003, 0.579791, -0.283002, -0.289895
-0.509734, 0.837449, 0.254867, -0.418725, 0.621816, 0.503412, -0.310908, -0.251706
-0.442744, 0.884335, 0.221372, -0.442167, 0.6699, 0.424413, -0.33495, -0.212207
-0.371685, 0.923094, 0.185843, -0.461547, 0.710586, 0.343147, -0.355293, -0.171574
-0.297274, 0.953526, 0.148637, -0.476763, 0.744114, 0.25988, -0.372057, -0.12994
-0.22021, 0.975452, 0.110105, -0.487726, 0.770634, 0.174814, -0.385317, -0.087407
-0.14119, 0.988707, 0.0705948, -0.494354, 0.790209, 0.0881071, -0.395104, -0.0440536
-0.0609089, 0.993141, 0.0304545, -0.49657, 0.802806, -0.000111671, -0.401403, 5.58357e-05
0.0199213, 0.988612, -0.00996066, -0.494306, 0.808302, -0.0897266, -0.404151, 0.0448633
0.100568, 0.974995, -0.0502842, -0.487497, 0.806471, -0.18062, -0.403235, 0.0903098
0.180266, 0.952174, -0.0901331, -0.476087, 0.796978, -0.272654, -0.398489, 0.136327
0.258203, 0.920053, -0.129102, -0.460027, 0.779371, -0.365652, -0.389686, 0.182826
0.33351, 0.87856, -0.166755, -0.43928, 0.75307, -0.459372, -0.376535, 0.229686
0.405245, 0.827657, -0.202623, -0.413829, 0.717347, -0.553476, -0.358674, 0.276738
0.472377, 0.767354, -0.236188, -0.383677, 0.671319, -0.647481, -0.33566, 0.323741
0.53377, 0.697727, -0.266885, -0.348864, 0.613931, -0.740706, -0.306965, 0.370353
0.588165, 0.618953, -0.294082, -0.309477, 0.543947, -0.832187, -0.271973, 0.416094
0.63416, 0.53134, -0.31708, -0.26567, 0.459958, -0.920572, -0.229979, 0.460286
0.670202, 0.435387, -0.335101, -0.217694, 0.360417, -1.00397, -0.180208, 0.501987
0.694574, 0.331853, -0.347287, -0.165927, 0.243716, -1.07979, -0.121858, 0.539894
0.70541, 0.221852, -0.352705, -0.110926, 0.108363, -1.14446, -0.0541815, 0.572228
0.70074, 0.106974, -0.35037, -0.0534869, -0.0467045, -1.19323, 0.0233522, 0.596613
0.678582, -0.0105738, -0.339291, 0.00528692, -0.221579, -1.21992, 0.11079, 0.609961
0.637127, -0.127821, -0.318564, 0.0639104, -0.414547, -1.21691, 0.207273, 0.608457
0.575033, -0.240927, -0.287517, 0.120464, -0.620937, -1.17551, 0.310469, 0.587754
0.491848, -0.345197, -0.245924, 0.172598, -0.83185, -1.08714, 0.415925, 0.54357
0.388513, -0.435324, -0.194256, 0.217662, -1.03335, -0.945718, 0.516677, 0.472859
0.267793, -0.505972, -0.133896, 0.252986, -1.2072, -0.750921, 0.603602, 0.375461
0.134384, -0.552647, -0.0671922, 0.276323, -1.33408, -0.511193, 0.667041, 0.255597
-0.00551671, -0.57262, 0.00275835, 0.28631, -1.39901, -0.244182, 0.699505, 0.122091
-0.145157, -0.565489, 0.0725783, 0.282744, -1.3964, 0.0268701, 0.698199, -0.013435
-0.278312, -0.533098, 0.139156, 0.266549, -1.33156, 0.279468, 0.665779, -0.139734
-0.400094, -0.478918, 0.200047, 0.239459, -1.21781, 0.497349, 0.608905, -0.248675
-0.507241, -0.407222, 0.25362, 0.203611, -1.07147, 0.672516, 0.535737, -0.336258
-0.598007, -0.322375, 0.299003, 0.161187, -0.907656, 0.804032, 0.453828, -0.402016
-0.671819, -0.228388, 0.33591, 0.114194, -0.738128, 0.895422, 0.369064, -0.447711
-0.728917, -0.128719, 0.364459, 0.0643595, -0.570981, 0.952244, 0.28549, -0.476122
-0.770039, -0.0262289, 0.385019, 0.0131145, -0.411214, 0.980457, 0.205607, -0.490229
-0.796196, 0.076771, 0.398098, -0.0383855, -0.261567, 0.985555, 0.130784, -0.492777
-0.808524, 0.178438, 0.404262, -0.0892188, -0.123281, 0.972221, 0.0616406, -0.48611
-0.80819, 0.27731, 0.404095, -0.138655, 0.00333264, 0.944278, -0.00166632, -0.472139
-0.796341, 0.37223, 0.39817, -0.186115, 0.118495, 0.904763, -0.0592477, -0.452381
-0.77407, 0.46228, 0.387035, -0.23114, 0.222708, 0.856051, -0.111354, -0.428026
-0.742411, 0.546723, 0.371206, -0.273361, 0.316589, 0.799984, -0.158295, -0.399992
-0.702332, 0.624965, 0.351166, -0.312483, 0.400788, 0.737979, -0.200394, -0.36899
-0.654741, 0.696522, 0.32737, -0.348261, 0.475919, 0.671124, -0.237959, -0.335562
-0.600486, 0.760992, 0.300243, -0.380496, 0.542541, 0.600251, -0.271271, -0.300125
-0.540373, 0.818035, 0.270186, -0.409018, 0.601138, 0.525992, -0.300569, -0.262996
-0.475162, 0.867363, 0.237581, -0.433681, 0.65211, 0.448829, -0.326055, -0.224414
-0.405584, 0.90872, 0.202792, -0.45436, 0.695773, 0.369126, -0.347886, -0.184563
-0.332349, 0.94188, 0.166174, -0.47094, 0.732357, 0.287157, -0.366179, -0.143579
-0.256148, 0.966637, 0.128074, -0.483319, 0.762007, 0.203131, -0.381003, -0.101566
-0.177671, 0.982803, 0.0888353, -0.491401, 0.784775, 0.117208, -0.392388, -0.0586039
-0.0976077, 0.990199, 0.0488039, -0.495099, 0.800628, 0.0295148, -0.400314, -0.0147574
-0.0166641, 0.988659, 0.00833205, -0.49433, 0.809436, -0.0598371, -0.404718, 0.0299185
0.0644327, 0.97803, -0.0322164, -0.489015, 0.810968, -0.150738, -0.405484, 0.0753691
0.144921, 0.958168, -0.0724607, -0.479084, 0.804886, -0.243064, -0.402443, 0.121532
0.223994, 0.928947, -0.111997, -0.464474, 0.790731, -0.336654, -0.395365, 0.168327
0.300786, 0.890263, -0.150393, -0.445131, 0.767912, -0.431288, -0.383956, 0.215644
0.374355, 0.842042, -0.187177, -0.421021, 0.735691, -0.526655, -0.367845, 0.263327
0.443671, 0.784256, -0.221836, -0.392128, 0.693167, -0.622305, -0.346583, 0.311152
0.507597, 0.71694, -0.253799, -0.35847, 0.639259, -0.717595, -0.319629, 0.358798
0.564867, 0.640224, -0.282433, -0.320112, 0.572696, -0.811609, -0.286348, 0.405805
0.614069, 0.554364, -0.307034, -0.277182, 0.492022, -0.903047, -0.246011, 0.451523
0.653631, 0.4598, -0.326815, -0.2299, 0.395617, -0.990078, -0.197808, 0.495039
0.681809, 0.357229, -0.340904, -0.178615, 0.281779, -1.07016, -0.14089, 0.535079
0.696697, 0.247695, -0.348349, -0.123847, 0.148885, -1.13979, -0.0744427, 0.569893
0.696267, 0.132714, -0.348133, -0.0663572, -0.00430123, -1.19425, 0.00215062, 0.597124
0.678457, 0.0144211, -0.339228, -0.00721057, -0.1781, -1.22738, 0.0890502, 0.613688
0.641349, -0.104282, -0.320675, 0.0521411, -0.371079, -1.23148, 0.185539, 0.615739
0.583461, -0.219607, -0.29173, 0.109803, -0.578885, -1.19769, 0.289443, 0.598845
0.504167, -0.326875, -0.252083, 0.163437, -0.792936, -1.11712, 0.396468, 0.558562
0.404215, -0.420749, -0.202107, 0.210374, -0.999523, -0.983183, 0.499762, 0.491592
0.286172, -0.495792, -0.143086, 0.247896, -1.18042, -0.794884, 0.590212, 0.397442
0.15457, -0.547344, -0.0772851, 0.273672, -1.31602, -0.559962, 0.65801, 0.279981
0.0155001, -0.572451, -0.00775006, 0.286226, -1.3907, -0.295513, 0.695351, 0.147757
-0.124304, -0.570463, 0.0621518, 0.285231, -1.39804, -0.0245606, 0.699019, 0.0122803
-0.258556, -0.542996, 0.129278, 0.271498, -1.34252, 0.230225, 0.67126, -0.115112
-0.382242, -0.49334, 0.191121, 0.24667, -1.23687, 0.45211, 0.618433, -0.226055
-0.491951, -0.425645, 0.245976, 0.212822, -1.09709, 0.632513, 0.548544, -0.316257
-0.585776, -0.344205, 0.292888, 0.172103, -0.938246, 0.769947, 0.469123, -0.384973
-0.662998, -0.253011, 0.331499, 0.126505, -0.772224, 0.867502, 0.386112, -0.433751
-0.723729, -0.155523, 0.361865, 0.0777614, -0.607311, 0.930436, 0.303656, -0.465218
-0.768601, -0.0546268, 0.3843, 0.0273134, -0.448717, 0.964516, 0.224359, -0.482258
-0.798539, 0.0473307, 0.39927, -0.0236653, -0.299381, 0.97513, 0.149691, -0.487565
-0.814611, 0.148466, 0.407305, -0.0742331, -0.160715, 0.966911, 0.0803576, -0.483455
-0.817928, 0.247277, 0.408964, -0.123639, -0.0331712, 0.943665, 0.0165856, -0.471833
-0.809592, 0.342565, 0.404796, -0.171283, 0.0833601, 0.908435, -0.04168, -0.454218
-0.790663, 0.433371, 0.395331, -0.216685, 0.189291, 0.863613, -0.0946454, -0.431806
-0.762145, 0.518921, 0.381073, -0.259461, 0.285173, 0.811059, -0.142586, -0.405529
-0.724986, 0.598587, 0.362493, -0.299294, 0.371599, 0.752214, -0.185799, -0.376107
-0.680071, 0.67185, 0.340035, -0.335925, 0.449146, 0.688187, -0.224573, -0.344093
-0.628237, 0.738278, 0.314118, -0.369139, 0.51834, 0.619829, -0.25917, -0.309915
-0.570273, 0.797501, 0.285136, -0.398751, 0.57964, 0.547792, -0.28982, -0.273896
-0.50693, 0.849203, 0.253465, -0.424601, 0.63343, 0.47257, -0.316715, -0.236285
-0.438929, 0.893101, 0.219464, -0.44655, 0.68001, 0.394539, -0.340005, -0.197269
-0.366969, 0.928943, 0.183484, -0.464472, 0.719601, 0.313981, -0.359801, -0.156991
-0.291735, 0.956499, 0.145867, -0.478249, 0.752339, 0.23111, -0.376169, -0.115555
-0.213908, 0.975552, 0.106954, -0.487776, 0.778271, 0.146088, -0.389135, -0.0730441
-0.134172, 0.985901, 0.0670861, -0.49295, 0.797357, 0.0590408, -0.398679, -0.0295204
-0.0532257, 0.987353, 0.0266129, -0.493676, 0.809465, -0.0299256, -0.404732, 0.0149628
0.0282102, 0.979726, -0.0141051, -0.489863, 0.814359, -0.12071, -0.407179, 0.0603552
0.10938, 0.96285, -0.0546899, -0.481425, 0.811696, -0.213201, -0.405848, 0.106601
0.189481, 0.936569, -0.0947404, -0.468285, 0.801011, -0.307255, -0.400506, 0.153627
0.267652, 0.900746, -0.133826, -0.450373, 0.781707, -0.402674, -0.390853, 0.201337
0.342955, 0.855273, -0.171477, -0.427637, 0.753032, -0.499173, -0.376516, 0.249586
0.414362, 0.800084, -0.207181, -0.400042, 0.714071, -0.596337, -0.357035, 0.298169
0.480734, 0.735172, -0.240367, -0.367586, 0.663717, -0.693564, -0.331859, 0.346782
0.5408, 0.660618, -0.2704, -0.330309, 0.600668, -0.789983, -0.300334, 0.394991
0.593142, 0.576628, -0.296571, -0.288314, 0.523418, -0.884348, -0.261709, 0.442174
0.63617, 0.483583, -0.318085, -0.241792, 0.430282, -0.974891, -0.215141, 0.487446
0.668117, 0.382115, -0.334058, -0.191057, 0.319463, -1.05913, -0.159732, 0.529565
0.687038, 0.273197, -0.343519, -0.136598, 0.189211, -1.13362, -0.0946054, 0.566812
0.690849, 0.15827, -0.345425, -0.0791352, 0.038114, -1.19371, -0.019057, 0.596854
0.677412, 0.0393925, -0.338706, -0.0196963, -0.134373, -1.23322, 0.0671867, 0.616612
0.644702, -0.0806061, -0.322351, 0.0403031, -0.3271, -1.24443, 0.16355, 0.622216
0.591098, -0.197992, -0.295549, 0.0989962, -0.536042, -1.21831, 0.268021, 0.609154
0.515804, -0.308114, -0.257902, 0.154057, -0.752941, -1.14566, 0.37647, 0.572828
0.41937, -0.405607, -0.209685, 0.202804, -0.964335, -1.01938, 0.482168, 0.50969
0.304166, -0.484946, -0.152083, 0.242473, -1.15204, -0.837832, 0.576022, 0.418916
0.174548, -0.541305, -0.087274, 0.270652, -1.29618, -0.608033, 0.648088, 0.304017
0.0364971, -0.571511, -0.0182486, 0.285755, -1.38051, -0.346503, 0.690255, 0.173251
-0.103281, -0.574668, 0.0516406, 0.287334, -1.39778, -0.0760152, 0.698891, 0.0380076
-0.238447, -0.552162, 0.119224, 0.276081, -1.35166, 0.180613, 0.67583, -0.0903066
-0.363871, -0.507097, 0.181936, 0.253549, -1.25424, 0.406203, 0.627121, -0.203101
-0.475992, -0.443493, 0.237996, 0.221747, -1.12121, 0.591596, 0.560606, -0.295798
-0.572748, -0.365573, 0.286374, 0.182786, -0.967557, 0.734759, 0.483778, -0.36738
-0.653275, -0.277294, 0.326637, 0.138647, -0.805266, 0.838346, 0.402633, -0.419173
-0.717556, -0.182119, 0.358778, 0.0910595, -0.642809, 0.907303, 0.321405, -0.453652
-0.766116, -0.0829542, 0.383058, 0.0414771, -0.485604, 0.947203, 0.242802, -0.473602
-0.799794, 0.0178219, 0.399897, -0.00891096, -0.336782, 0.963317, 0.168391, -0.481659
-0.819587, 0.118289, 0.409793, -0.0591443, -0.197925, 0.960223, 0.0989627, -0.480112
-0.826549, 0.216904, 0.413275, -0.108452, -0.0696253, 0.941706, 0.0348127, -0.470853
-0.821738, 0.312429, 0.410869, -0.156214, 0.0481151, 0.910808, -0.0240576, -0.455404
-0.806176, 0.403867, 0.403088, -0.201933, 0.155619, 0.869935, -0.0778096, -0.434967
-0.780839, 0.490408, 0.39042, -0.245204, 0.25337, 0.820965, -0.126685, -0.410483
-0.746648, 0.571388, 0.373324, -0.285694, 0.341906, 0.76536, -0.170953, -0.38268
-0.704472, 0.646258, 0.352236, -0.323129, 0.421762, 0.704248, -0.210881, -0.352124
-0.655129, 0.714552, 0.327564, -0.357276, 0.493433, 0.6385, -0.246716, -0.31925
-0.599394, 0.775875, 0.299697, -0.387937, 0.557353, 0.568782, -0.278676, -0.284391
-0.538005, 0.829879, 0.269003, -0.41494, 0.613886, 0.495604, -0.306943, -0.247802
-0.471673, 0.876259, 0.235837, -0.43813, 0.66332, 0.419351, -0.33166, -0.209676
-0.401087, 0.914735, 0.200543, -0.457368, 0.705863, 0.340315, -0.352932, -0.170158
-0.326922, 0.945051, 0.163461, -0.472525, 0.741644, 0.258713, -0.370822, -0.129357
-0.249852, 0.966966, 0.124926, -0.483483, 0.770703, 0.174709, -0.385352, -0.0873543
-0.170552, 0.980253, 0.0852762, -0.490127, 0.792998, 0.0884262, -0.396499, -0.0442131
-0.0897135, 0.984694, 0.0448567, -0.492347, 0.808389, -3.30627e-05, -0.404194, 1.65314e-05
-0.00804966, 0.980081, 0.00402483, -0.490041, 0.816638, -0.090577, -0.408319, 0.0452885
0.0736901, 0.966215, -0.0368451, -0.483107, 0.817398, -0.183106, -0.408699, 0.0915532
0.15471, 0.94291, -0.077355, -0.471455, 0.810199, -0.277495, -0.4051, 0.138748
0.234154, 0.909997, -0.117077, -0.454999, 0.794436, -0.373569, -0.397218, 0.186784
0.311088, 0.867335, -0.155544, -0.433667, 0.769348, -0.471068, -0.384674, 0.235534
0.384489, 0.814818, -0.192244, -0.407409, 0.734002, -0.569614, -0.367001, 0.284807
0.453216, 0.752398, -0.226608, -0.376199, 0.687273, -0.668644, -0.343636, 0.334322
0.515998, 0.680109, -0.257999, -0.340054, 0.627824, -0.767337, -0.313912, 0.383668
0.571409, 0.598103, -0.285704, -0.299052, 0.554105, -0.864502, -0.277053, 0.432251
0.617845, 0.506704, -0.308923, -0.253352, 0.464365, -0.958434, -0.232183, 0.479217
0.653517, 0.406477, -0.326759, -0.203238, 0.356717, -1.04672, -0.178359, 0.523359
0.676446, 0.298323, -0.338223, -0.149162, 0.229284, -1.12598, -0.114642, 0.562989
0.684494, 0.183608, -0.342247, -0.0918038, 0.0804833, -1.1916, -0.0402417, 0.595801
0.675448, 0.0643065, -0.337724, -0.0321533, -0.0904573, -1.23746, 0.0452287, 0.618728
0.647181, -0.0568246, -0.32359, 0.0284123, -0.282671, -1.25576, 0.141336, 0.627878
0.597934, -0.176114, -0.298967, 0.0880568, -0.492465, -1.23733, 0.246233, 0.618667
0.526742, -0.288939, -0.263371, 0.144469, -0.71192, -1.1727, 0.35596, 0.586349
0.433959, -0.38992, -0.216979, 0.19496, -0.927837, -1.05426, 0.463919, 0.527129
0.321749, -0.473447, -0.160874, 0.236723, -1.1221, -0.879708, 0.561051, 0.439854
0.194291, -0.534536, -0.0971454, 0.267268, -1.27458, -0.655343, 0.637289, 0.327671
0.057446, -0.5698, -0.028723, 0.2849, -1.36845, -0.397083, 0.684224, 0.198541
-0.0821175, -0.578098, 0.0410588, 0.289049, -1.39563, -0.127424, 0.697817, 0.0637121
-0.218014, -0.560584, 0.109007, 0.280292, -1.35897, 0.130701, 0.679484, -0.0653505
-0.345006, -0.52017, 0.172503, 0.260085, -1.26991, 0.359689, 0.634957, -0.179845
-0.459387, -0.460744, 0.229693, 0.230372, -1.14381, 0.549821, 0.571904, -0.27491
-0.558941, -0.386448, 0.279471, 0.193224, -0.995549, 0.698518, 0.497774, -0.349259
-0.642662, -0.301204, 0.321331, 0.150602, -0.837208, 0.807994, 0.418604, -0.403997
-0.710405, -0.208471, 0.355203, 0.104236, -0.677428, 0.882879, 0.338714, -0.44144
-0.762587, -0.111173, 0.381294, 0.0555864, -0.521824, 0.928542, 0.260912, -0.464271
-0.799959, -0.011715, 0.39998, 0.0058575, -0.373719, 0.950133, 0.18686, -0.475067
-0.823446, 0.0879461, 0.411723, -0.0439731, -0.234861, 0.952167, 0.117431, -0.476083
-0.834044, 0.186231, 0.417022, -0.0931154, -0.10598, 0.938402, 0.05299, -0.469201
-0.832763, 0.281863, 0.416381, -0.140932, 0.0128086, 0.911878, -0.00640431, -0.455939
-0.820589, 0.373808, 0.410294, -0.186904, 0.121739, 0.875009, -0.0608696, -0.437504
-0.798466, 0.461222, 0.399233, -0.230611, 0.221224, 0.82969, -0.110612, -0.414845
-0.767291, 0.543406, 0.383646, -0.271703, 0.311749, 0.7774, -0.155874, -0.3887
-0.727911, 0.619779, 0.363955, -0.30989, 0.393805, 0.719286, -0.196902, -0.359643
-0.681126, 0.689847, 0.340563, -0.344924, 0.467854, 0.656237, -0.233927, -0.328119
-0.627695, 0.753185, 0.313848, -0.376593, 0.534306, 0.588935, -0.267153, -0.294467
-0.568345, 0.80942, 0.284172, -0.40471, 0.593505, 0.5179, -0.296752, -0.25895
-0.503772, 0.858217, 0.251886, -0.429109, 0.645724, 0.443531, -0.322862, -0.221765
-0.434656, 0.899274, 0.217328, -0.449637, 0.691162, 0.366124, -0.345581, -0.183062
-0.361662, 0.932309, 0.180831, -0.466154, 0.729936, 0.285902, -0.364968, -0.142951
-0.285454, 0.957056, 0.142727, -0.478528, 0.762084, 0.20303, -0.381042, -0.101515
-0.206698, 0.973264, 0.103349, -0.486632, 0.787556, 0.117631, -0.393778, -0.0588153
-0.126077, 0.980688, 0.0630387, -0.490344, 0.806209, 0.0297998, -0.403104, -0.0148999
-0.0442971, 0.979095, 0.0221486, -0.489547, 0.817802, -0.0603795, -0.408901, 0.0301897
0.0379013, 0.968257, -0.0189507, -0.484128, 0.821985, -0.152821, -0.410992, 0.0764104
0.11973, 0.94796, -0.0598648, -0.47398, 0.818282, -0.247416, -0.409141, 0.123708
0.200338, 0.918003, -0.100169, -0.459002, 0.806082, -0.344012, -0.403041, 0.172006
0.278799, 0.87821, -0.1394, -0.439105, 0.784615, -0.442379, -0.392307, 0.221189
0.354093, 0.828437, -0.177046, -0.414218, 0.752934, -0.542171, -0.376467, 0.271086
0.425082, 0.768594, -0.212541, -0.384297, 0.709894, -0.64287, -0.354947, 0.321435
0.490495, 0.698669, -0.245247, -0.349334, 0.654127, -0.743702, -0.327064, 0.371851
0.548899, 0.61876, -0.274449, -0.30938, 0.58404, -0.843535, -0.29202, 0.421767
0.598681, 0.529131, -0.29934, -0.264566, 0.49782, -0.940729, -0.24891, 0.470364
0.63803, 0.430282, -0.319015, -0.215141, 0.393491, -1.03294, -0.196745, 0.516469
0.664935, 0.32304, -0.332467, -0.16152, 0.269051, -1.11686, -0.134525, 0.558429
0.67721, 0.208691, -0.338605, -0.104346, 0.122749, -1.18794, -0.0613746, 0.593968
0.672568, 0.0891293, -0.336284, -0.0445646, -0.046412, -1.24007, 0.023206, 0.620033
0.648783, -0.0329698, -0.324392, 0.0164849, -0.237852, -1.26543, 0.118926, 0.632717
0.603962, -0.154, -0.301981, 0.0769999, -0.448215, -1.25474, 0.224107, 0.627372
0.536969, -0.269376, -0.268484, 0.134688, -0.669929, -1.19821, 0.334965, 0.599106
0.447961, -0.373709, -0.22398, 0.186855, -0.890079, -1.08777, 0.445039, 0.543885
0.338897, -0.46131, -0.169449, 0.230655, -1.09064, -0.920456, 0.545319, 0.460228
0.213772, -0.527048, -0.106886, 0.263524, -1.25125, -0.701826, 0.625626, 0.350913
0.0783185, -0.567322, -0.0391592, 0.283661, -1.35454, -0.447184, 0.677268, 0.223592
-0.0608412, -0.58075, 0.0304206, 0.290375, -1.3916, -0.178718, 0.695798, 0.089359
-0.197285, -0.56825, 0.0986423, 0.284125, -1.36443, 0.0805558, 0.682217, -0.0402779
-0.325671, -0.532542, 0.162835, 0.266271, -1.28386, 0.312633, 0.641931, -0.156316
-0.442156, -0.477373, 0.221078, 0.238687, -1.16485, 0.507244, 0.582425, -0.253622
-0.544374, -0.406801, 0.272187, 0.203401, -1.02218, 0.661272, 0.511092, -0.330636
-0.631175, -0.324708, 0.315587, 0.162354, -0.868007, 0.776486, 0.434004, -0.388243
-0.702287, -0.234544, 0.351143, 0.117272, -0.71112, 0.857197, 0.35556, -0.428598
-0.75802, -0.139244, 0.37901, 0.069622, -0.557328, 0.908559, 0.278664, -0.45428
-0.799034, -0.0412398, 0.399517, 0.0206199, -0.410142, 0.935596, 0.205071, -0.467798
-0.826181, 0.0574799, 0.413091, -0.02874, -0.271472, 0.942753, 0.135736, -0.471377
-0.8404, 0.1553, 0.4202, -0.0776501, -0.142186, 0.933759, 0.0710928, -0.466879
-0.842651, 0.250909, 0.421325, -0.125455, -0.0225113, 0.911644, 0.0112556, -0.455822
-0.833881, 0.343236, 0.416941, -0.171618, 0.0876966, 0.878828, -0.0438483, -0.439414
-0.815003, 0.431403, 0.407502, -0.215701, 0.18878, 0.837221, -0.0943901, -0.41861
-0.786886, 0.514679, 0.393443, -0.257339, 0.281169, 0.788317, -0.140584, -0.394158
-0.750355, 0.592451, 0.375178, -0.296226, 0.365312, 0.733281, -0.182656, -0.366641
-0.706191, 0.664198, 0.353096, -0.332099, 0.441638, 0.673017, -0.220819, -0.336509
-0.655138, 0.729464, 0.327569, -0.364732, 0.510531, 0.608221, -0.255265, -0.304111
-0.597907, 0.787851, 0.298953, -0.393926, 0.572315, 0.539428, -0.286157, -0.269714
-0.535182, 0.839, 0.267591, -0.4195, 0.627248, 0.467043, -0.313624, -0.233521
-0.46763, 0.882582, 0.233815, -0.441291, 0.675517, 0.391371, -0.337759, -0.195686
-0.395907, 0.91829, 0.197953, -0.459145, 0.717233, 0.31264, -0.358616, -0.15632
-0.320664, 0.945836, 0.160332, -0.472918, 0.752425, 0.231014, -0.376212, -0.115507
-0.242561, 0.964942, 0.12128, -0.482471, 0.781038, 0.146615, -0.390519, -0.0733073
-0.162268, 0.97534, 0.0811339, -0.48767, 0.802929, 0.0595323, -0.401464, -0.0297661
-0.0804827, 0.976768, 0.0402413, -0.488384, 0.81785, -0.0301589, -0.408925, 0.0150794
0.00206231, 0.968974, -0.00103115, -0.484487, 0.82545, -0.122386, -0.412725, 0.0611928
0.0845871, 0.951713, -0.0422936, -0.475856, 0.825248, -0.217057, -0.412624, 0.108529
0.16625, 0.924753, -0.083125, -0.462376, 0.816628, -0.314044, -0.408314, 0.157022
0.246131, 0.887883, -0.123066, -0.443941, 0.798812, -0.413144, -0.399406, 0.206572
0.323215, 0.840923, -0.161608, -0.420461, 0.770841, -0.514047, -0.38542, 0.257024
0.39637, 0.783739, -0.198185, -0.39187, 0.731548, -0.616276, -0.365774, 0.308138
0.464324, 0.716273, -0.232162, -0.358136, 0.679541, -0.71911, -0.33977, 0.359555
0.525642, 0.63857, -0.262821, -0.319285, 0.613182, -0.821476, -0.306591, 0.410738
0.578702, 0.550834, -0.289351, -0.275417, 0.5306, -0.9218, -0.2653, 0.4609
0.621676, 0.453498, -0.310838, -0.226749, 0.429733, -1.01781, -0.214866, 0.508905
0.652521, 0.347314, -0.326261, -0.173657, 0.308457, -1.10628, -0.154228, 0.553139
0.669007, 0.233488, -0.334503, -0.116744, 0.164854, -1.18271, -0.0824271, 0.591356
0.668777, 0.113827, -0.334388, -0.0569136, -0.0022973, -1.24105, 0.00114865, 0.620524
0.649507, -0.00907405, -0.324753, 0.00453703, -0.192704, -1.27346, 0.0963519, 0.636728
0.609172, -0.131681, -0.304586, 0.0658405, -0.40335, -1.27051, 0.201675, 0.635257
0.546469, -0.249453, -0.273235, 0.124726, -0.627025, -1.22216, 0.313513, 0.611082
0.461358, -0.356996, -0.230679, 0.178498, -0.851111, -1.11987, 0.425555, 0.559936
0.355588, -0.448553, -0.177794, 0.224277, -1.0577, -0.960018, 0.528848, 0.480009
0.232965, -0.518851, -0.116483, 0.259425, -1.22623, -0.74742, 0.613116, 0.37371
0.0990865, -0.56408, -0.0495432, 0.28204, -1.33879, -0.496739, 0.669394, 0.24837
-0.0394809, -0.582618, 0.0197405, 0.291309, -1.38567, -0.229827, 0.692837, 0.114913
-0.176286, -0.575149, 0.088143, 0.287575, -1.36805, 0.0302457, 0.684025, -0.0151228
-0.305893, -0.544195, 0.152946, 0.272098, -1.29607, 0.265097, 0.648034, -0.132548
-0.424323, -0.493358, 0.212162, 0.246679, -1.18431, 0.463924, 0.592153, -0.231962
-0.529066, -0.426607, 0.264533, 0.213303, -1.04743, 0.623072, 0.523714, -0.311536
-0.618828, -0.347775, 0.309414, 0.173888, -0.897621, 0.743867, 0.448811, -0.371934
-0.693212, -0.260302, 0.346606, 0.130151, -0.743839, 0.830291, 0.37192, -0.415146
-0.752419, -0.167129, 0.376209, 0.0835647, -0.592069, 0.887281, 0.296034, -0.44364
-0.797019, -0.0707123, 0.39851, 0.0353562, -0.446001, 0.919726, 0.223001, -0.459863
-0.82779, 0.0269317, 0.413895, -0.0134658, -0.307707, 0.931996, 0.153854, -0.465998
-0.845609, 0.124154, 0.422805, -0.0620771, -0.178193, 0.927782, 0.0890965, -0.463891
-0.851389, 0.219609, 0.425694, -0.109805, -0.0577964, 0.910105, 0.0288982, -0.455052
-0.846035, 0.312192, 0.423017, -0.156096, 0.053538, 0.881387, -0.026769, -0.440694
-0.830427, 0.400992, 0.415213, -0.200496, 0.156082, 0.843548, -0.0780408, -0.421774
-0.805406, 0.485246, 0.402703, -0.242623, 0.250208, 0.798097, -0.125104, -0.399048
-0.771774, 0.564312, 0.385887, -0.282156, 0.336323, 0.746214, -0.168162, -0.373107
-0.730292, 0.637638, 0.365146, -0.318819, 0.414821, 0.688817, -0.207411, -0.344408
-0.681686, 0.704744, 0.340843, -0.352372, 0.48606, 0.626616, -0.24303, -0.313308
-0.626651, 0.765204, 0.313326, -0.382602, 0.550344, 0.560158, -0.275172, -0.280079
-0.56586, 0.818634, 0.28293, -0.409317, 0.607916, 0.489856, -0.303958, -0.244928
-0.499964, 0.864681, 0.249982, -0.43234, 0.658951, 0.416024, -0.329476, -0.208012
-0.429609, 0.903014, 0.214805, -0.451507, 0.70355, 0.33889, -0.351775, -0.169445
-0.355436, 0.933321, 0.177718, -0.46666, 0.741738, 0.258622, -0.370869, -0.129311
-0.27809, 0.955299, 0.139045, -0.47765, 0.773455, 0.175338, -0.386727, -0.087669
-0.198235, 0.968656, 0.0991175, -0.484328, 0.798552, 0.0891237, -0.399276, -0.0445618
-0.116557, 0.973105, 0.0582783, -0.486552, 0.816782, 4.35227e-05, -0.408391, -2.17613e-05
-0.0337779, 0.968365, 0.0168889, -0.484182, 0.827788, -0.0918423, -0.413894, 0.0459212
0.049331, 0.954163, -0.0246655, -0.477082, 0.831089, -0.186461, -0.415544, 0.0932306
0.131937, 0.930237, -0.0659685, -0.465119, 0.826061, -0.283705, -0.413031, 0.141853
0.213129, 0.896341, -0.106565, -0.448171, 0.811921, -0.383403, -0.40596, 0.191702
0.291899, 0.852258, -0.145949, -0.426129, 0.787697, -0.485279, -0.393848, 0.24264
0.36712, 0.797812, -0.18356, -0.398906, 0.752207, -0.5889, -0.376103, 0.29445
0.437523, 0.732897, -0.218761, -0.366449, 0.70403, -0.693596, -0.352015, 0.346798
0.501672, 0.657506, -0.250836, -0.328753, 0.641492, -0.798354, -0.320746, 0.399177
0.557938, 0.571783, -0.278969, -0.285892, 0.562661, -0.901672, -0.281331, 0.450836
0.604477, 0.476093, -0.302239, -0.238046, 0.465394, -1.00135, -0.232697, 0.500676
0.639222, 0.371112, -0.319611, -0.185556, 0.347448, -1.09425, -0.173724, 0.547124
0.659896, 0.257963, -0.329948, -0.128981, 0.206741, -1.17594, -0.10337, 0.587969
0.664079, 0.138367, -0.332039, -0.0691833, 0.0418268, -1.24041, -0.0209134, 0.620203
0.64935, 0.0148302, -0.324675, -0.0074151, -0.147287, -1.27981, 0.0736436, 0.639905
0.613557, -0.109187, -0.306779, 0.0545937, -0.357931, -1.28462, 0.178966, 0.64231
0.55523, -0.229195, -0.277615, 0.114597, -0.583266, -1.24452, 0.291633, 0.62226
0.474132, -0.339802, -0.237066, 0.169901, -0.810985, -1.15052, 0.405493, 0.575259
0.3718, -0.435192, -0.1859, 0.217596, -1.02332, -0.998343, 0.511659, 0.499172
0.251845, -0.509954, -0.125922, 0.254977, -1.19955, -0.792063, 0.599776, 0.396032
0.119722, -0.560078, -0.059861, 0.280039, -1.32123, -0.545681, 0.660614, 0.27284
-0.0180654, -0.583702, 0.0090327, 0.291851, -1.37787, -0.280682, 0.688937, 0.140341
-0.155047, -0.581273, 0.0775233, 0.290637, -1.36981, -0.0201613, 0.684906, 0.0100806
-0.285698, -0.555114, 0.142849, 0.277557, -1.30651, 0.217147, 0.653257, -0.108573
-0.405913, -0.508678, 0.202957, 0.254339, -1.20215, 0.419919, 0.601077, -0.20996
-0.513038, -0.445836, 0.256519, 0.222918, -1.07124, 0.583971, 0.535622, -0.291986
-0.605639, -0.370374, 0.302819, 0.185187, -0.926011, 0.710181, 0.463005, -0.35509
-0.683193, -0.285709, 0.341596, 0.142855, -0.775541, 0.802199, 0.387771, -0.401099
-0.745793, -0.194791, 0.372896, 0.0973956, -0.625998, 0.864737, 0.312999, -0.432369
-0.793917, -0.100092, 0.396959, 0.0500462, -0.481248, 0.902544, 0.240624, -0.451272
-0.828269, -0.00365705, 0.414135, 0.00182853, -0.343519, 0.919908, 0.17176, -0.459954
-0.849665, 0.0928354, 0.424832, -0.0464177, -0.213953, 0.92048, 0.106976, -0.46024
-0.858964, 0.188006, 0.429482, -0.0940032, -0.0929986, 0.907265, 0.0464993, -0.453632
-0.857033, 0.280719, 0.428517, -0.14036, 0.0193101, 0.882683, -0.00965503, -0.441342
-0.844716, 0.37003, 0.422358, -0.185015, 0.123173, 0.848663, -0.0615866, -0.424331
-0.822825, 0.455147, 0.411413, -0.227573, 0.218908, 0.806726, -0.109454, -0.403363
-0.792138, 0.535398, 0.396069, -0.267699, 0.306877, 0.758066, -0.153439, -0.379033
-0.753394, 0.610204, 0.376697, -0.305102, 0.38744, 0.703614, -0.19372, -0.351807
-0.707301, 0.679058, 0.35365, -0.339529, 0.460927, 0.644094, -0.230464, -0.322047
-0.654539, 0.741508, 0.327269, -0.370754, 0.527623, 0.580061, -0.263812, -0.290031
-0.595763, 0.797147, 0.297882, -0.398573, 0.587755, 0.51194, -0.293878, -0.25597
-0.531614, 0.845596, 0.265807, -0.422798, 0.641486, 0.440047, -0.320743, -0.220023
-0.462724, 0.886502, 0.231362, -0.443251, 0.688908, 0.364617, -0.344454, -0.182308
-0.38972, 0.919528, 0.19486, -0.459764, 0.730039, 0.285816, -0.365019, -0.142908
-0.313238, 0.944349, 0.156619, -0.472174, 0.764815, 0.203762, -0.382408, -0.101881
-0.23393, 0.960646, 0.116965, -0.480323, 0.793085, 0.118534, -0.396543, -0.0592669
-0.15247, 0.968109, 0.0762349, -0.484055, 0.814599, 0.0301865, -0.4073, -0.0150933
-0.0695702, 0.966431, 0.0347851, -0.483215, 0.828997, -0.0612327, -0.414498, 0.0306164
0.0140093, 0.955308, -0.00700467, -0.477654, 0.835795, -0.155669, -0.417898, 0.0778345
0.0974461, 0.934449, -0.048723, -0.467224, 0.834367, -0.253038, -0.417184, 0.126519
0.179838, 0.903574, -0.0899192, -0.451787, 0.823922, -0.353197, -0.411961, 0.176599
0.260186, 0.862427, -0.130093, -0.431214, 0.80348, -0.455907, -0.40174, 0.227954
0.33737, 0.810794, -0.168685, -0.405397, 0.771841, -0.560778, -0.385921, 0.280389
0.410127, 0.748519, -0.205063, -0.37426, 0.727562, -0.667193, -0.363781, 0.333597
0.47702, 0.675543, -0.23851, -0.337772, 0.66893, -0.774202, -0.334465, 0.387101
0.536416, 0.59195, -0.268208, -0.295975, 0.59396, -0.880373, -0.29698, 0.440186
0.586458, 0.498036, -0.293229, -0.249018, 0.500426, -0.98359, -0.250213, 0.491795
0.625056, 0.394402, -0.312528, -0.197201, 0.385972, -1.08079, -0.192986, 0.540394
0.649891, 0.282084, -0.324945, -0.141042, 0.248352, -1.16762, -0.124176, 0.583812
0.658481, 0.162715, -0.32924, -0.0813573, 0.0859004, -1.23814, -0.0429502, 0.619068
0.648314, 0.0387106, -0.324157, -0.0193553, -0.101664, -1.28448, 0.050832, 0.642242
0.617112, -0.0865494, -0.308556, 0.0432747, -0.312021, -1.29704, 0.156011, 0.648522
0.563241, -0.20863, -0.281621, 0.104315, -0.53871, -1.26525, 0.269355, 0.632626
0.486265, -0.322153, -0.243133, 0.161076, -0.769758, -1.17967, 0.384879, 0.589835
0.38751, -0.421246, -0.193755, 0.210623, -0.987554, -1.03538, 0.493777, 0.517689
0.270386, -0.500371, -0.135193, 0.250186, -1.17125, -0.835695, 0.585623, 0.417847
0.140197, -0.555321, -0.0700987, 0.27766, -1.30188, -0.593943, 0.650941, 0.296972
0.00337643, -0.583998, -0.00168821, 0.291999, -1.36821, -0.331214, 0.684105, 0.165607
-0.133595, -0.586613, 0.0667976, 0.293307, -1.36972, -0.0705967, 0.684858, 0.0352984
-0.265114, -0.565284, 0.132557, 0.282642, -1.31519, 0.168847, 0.657593, -0.0844236
-0.38695, -0.52331, 0.193475, 0.261655, -1.21837, 0.37529, 0.609183, -0.187645
-0.496311, -0.464464, 0.248155, 0.232232, -1.0936, 0.544021, 0.546801, -0.272011
-0.591624, -0.392472, 0.295812, 0.196236, -0.953137, 0.675473, 0.476568, -0.337736
-0.672243, -0.310732, 0.336121, 0.155366, -0.806184, 0.772958, 0.403092, -0.386479
-0.73815, -0.222192, 0.369075, 0.111096, -0.659071, 0.840959, 0.329535, -0.420479
-0.789733, -0.12934, 0.394867, 0.0646699, -0.515834, 0.884075, 0.257917, -0.442037
-0.827619, -0.0342445, 0.413809, 0.0171222, -0.378858, 0.906508, 0.189429, -0.453254
-0.85256, 0.0613864, 0.42628, -0.0306932, -0.249417, 0.911864, 0.124708, -0.455932
-0.865367, 0.156144, 0.432684, -0.0780718, -0.12807, 0.903127, 0.0640349, -0.451563
-0.866862, 0.248859, 0.433431, -0.12443, -0.0149406, 0.882714, 0.00747029, -0.441357
-0.857852, 0.33856, 0.428926, -0.16928, 0.0901, 0.852559, -0.04505, -0.426279
-0.83912, 0.424423, 0.41956, -0.212212, 0.187313, 0.814193, -0.0936564, -0.407096
-0.811419, 0.50575, 0.405709, -0.252875, 0.277015, 0.768822, -0.138508, -0.384411
-0.775466, 0.581934, 0.387733, -0.290967, 0.359532, 0.71739, -0.179766, -0.358695
-0.731949, 0.652441, 0.365974, -0.326221, 0.435167, 0.660631, -0.217583, -0.330316
-0.681531, 0.716797, 0.340765, -0.358398, 0.504183, 0.599112, -0.252092, -0.299556
-0.624851, 0.774567, 0.312426, -0.387284, 0.566792, 0.533263, -0.283396, -0.266631
-0.562537, 0.825353, 0.281268, -0.412676, 0.623145, 0.463408, -0.311572, -0.231704
-0.495204, 0.868776, 0.247602, -0.434388, 0.673324, 0.389785, -0.336662, -0.194892
-0.42347, 0.904476, 0.211735, -0.452238, 0.717343, 0.31256, -0.358671, -0.15628
-0.347957, 0.932105, 0.173978, -0.466053, 0.755132, 0.231848, -0.377566, -0.115924
-0.269303, 0.951322, 0.134652, -0.475661, 0.786536, 0.147722, -0.393268, -0.0738611
-0.188173, 0.961789, 0.0940865, -0.480895, 0.811304, 0.0602289, -0.405652, -0.0301145
-0.105266, 0.963174, 0.0526328, -0.481587, 0.829074, -0.0305985, -0.414537, 0.0152992
-0.0213295, 0.955146, 0.0106647, -0.477573, 0.839361, -0.124723, -0.41968, 0.0623615
0.062824, 0.937382, -0.031412, -0.468691, 0.841535, -0.222084, -0.420768, 0.111042
0.146304, 0.90957, -0.0731521, -0.454785, 0.834801, -0.322567, -0.4174, 0.161284
0.228121, 0.871417, -0.11406, -0.435709, 0.818168, -0.425971, -0.409084, 0.212985
0.307163, 0.822667, -0.153582, -0.411333, 0.790425, -0.531949, -0.395213, 0.265974
0.382174, 0.763117, -0.191087, -0.381559, 0.750105, -0.639938, -0.375052, 0.319969
0.45172, 0.692657, -0.22586, -0.346328, 0.69546, -0.749051, -0.34773, 0.374526
0.514165, 0.611308, -0.257083, -0.305654, 0.624453, -0.857932, -0.312227, 0.428966
0.567643, 0.519298, -0.283822, -0.259649, 0.534782, -0.964545, -0.267391, 0.482272
0.610041, 0.417151, -0.30502, -0.208576, 0.423976, -1.06591, -0.211988, 0.532957
0.639004, 0.305818, -0.319502, -0.152909, 0.289631, -1.15778, -0.144816, 0.57889
0.65199, 0.186838, -0.325995, -0.0934189, 0.129863, -1.23424, -0.0649317, 0.617121
0.646401, 0.0625349, -0.3232, -0.0312674, -0.0558966, -1.28747, 0.0279483, 0.643737
0.619833, -0.0637977, -0.309916, 0.0318988, -0.265682, -1.30777, 0.132841, 0.653885
0.570491, -0.187786, -0.285245, 0.0938931, -0.493419, -1.28433, 0.246709, 0.642165
0.497742, -0.30407, -0.248871, 0.152035, -0.727483, -1.20728, 0.363742, 0.603642
0.402697, -0.406733, -0.201349, 0.203366, -0.950449, -1.07107, 0.475225, 0.535537
0.288562, -0.490114, -0.144281, 0.245057, -1.14135, -0.878256, 0.570677, 0.439128
0.160485, -0.549816, -0.0802425, 0.274908, -1.28077, -0.64146, 0.640385, 0.32073
0.0248157, -0.583507, -0.0124078, 0.291753, -1.35669, -0.381355, 0.678346, 0.190677
-0.111961, -0.591162, 0.0559804, 0.295581, -1.36777, -0.120992, 0.683883, 0.0604962
-0.244168, -0.574691, 0.122084, 0.287345, -1.32207, 0.120264, 0.661037, -0.0601318
-0.367461, -0.537237, 0.18373, 0.268618, -1.23292, 0.330096, 0.616461, -0.165048
-0.478907, -0.482464, 0.239454, 0.241232, -1.11447, 0.503277, 0.557235, -0.251639
-0.576804, -0.414041, 0.288402, 0.20702, -0.978963, 0.639791, 0.489481, -0.319895
-0.660376, -0.335336, 0.330188, 0.167668, -0.835725, 0.74261, 0.417862, -0.371305
-0.7295, -0.249293, 0.36475, 0.124647, -0.691241, 0.815978, 0.34562, -0.407989
-0.784471, -0.158415, 0.392236, 0.0792073, -0.549712, 0.864343, 0.274856, -0.432171
-0.825839, -0.0647888, 0.41292, 0.0323944, -0.413676, 0.891814, 0.206838, -0.445907
-0.854293, 0.0298501, 0.427146, -0.0149251, -0.284536, 0.901945, 0.142268, -0.450972
-0.870589, 0.124064, 0.435294, -0.0620321, -0.162962, 0.897697, 0.0814812, -0.448848
-0.875506, 0.216657, 0.437753, -0.108328, -0.0491672, 0.88148, 0.0245836, -0.44074
-0.869815, 0.306624, 0.434907, -0.153312, 0.0569071, 0.855231, -0.0284535, -0.427615
-0.854268, 0.393117, 0.427134, -0.196559, 0.155464, 0.820488, -0.0777322, -0.410244
-0.829591, 0.475409, 0.414795, -0.237704, 0.246777, 0.778467, -0.123389, -0.389234
-0.796477, 0.552866, 0.398239, -0.276433, 0.331135, 0.730125, -0.165567, -0.365062
-0.755596, 0.624931, 0.377798, -0.312465, 0.408814, 0.676205, -0.204407, -0.338102
-0.70759, 0.691103, 0.353795, -0.345552, 0.480056, 0.617283, -0.240028, -0.308641
-0.653085, 0.750927, 0.326542, -0.375464, 0.545057, 0.553797, -0.272528, -0.276898
-0.592689, 0.803979, 0.296345, -0.40199, 0.603954, 0.486076, -0.301977, -0.243038
-0.527007, 0.84986, 0.263504, -0.42493, 0.656822, 0.41436, -0.328411, -0.20718
-0.45664, 0.888186, 0.22832, -0.444093, 0.703667, 0.338817, -0.351834, -0.169408
-0.382199, 0.918586, 0.191099, -0.459293, 0.744417, 0.259557, -0.372208, -0.129779
-0.304307, 0.940695, 0.152154, -0.470348, 0.778913, 0.176649, -0.389456, -0.0883246
-0.223617, 0.954153, 0.111809, -0.477076, 0.806901, 0.0901298, -0.40345, -0.0450649
-0.140815, 0.958599, 0.0704076, -0.4793, 0.82802, 1.85559e-05, -0.41401, -9.27793e-06
-0.0566371, 0.953677, 0.0283186, -0.476839, 0.841782, -0.0936655, -0.420891, 0.0468327
0.0281184, 0.939033, -0.0140592, -0.469517, 0.847555, -0.190884, -0.423778, 0.0954422
0.112572, 0.914322, -0.0562862, -0.457161, 0.844541, -0.291555, -0.42227, 0.145777
0.195747, 0.879215, -0.0978733, -0.439608, 0.831742, -0.395511, -0.415871, 0.197755
0.27654, 0.833415, -0.13827, -0.416707, 0.807933, -0.502451, -0.403966, 0.251225
0.353703, 0.776673, -0.176851, -0.388336, 0.771627, -0.611867, -0.385813, 0.305933
0.425807, 0.708823, -0.212903, -0.354412, 0.721045, -0.722937, -0.360522, 0.361468
0.491217, 0.62983, -0.245608, -0.314915, 0.654099, -0.834378, -0.327049, 0.417189
0.548058, 0.53985, -0.274029, -0.269925, 0.568413, -0.944244, -0.284206, 0.472122
0.594199, 0.43933, -0.297099, -0.219665, 0.461408, -1.04965, -0.230704, 0.524823
0.627251, 0.329132, -0.313626, -0.164566, 0.330522, -1.14642, -0.165261, 0.573209
0.644617, 0.210704, -0.322308, -0.105352, 0.173656, -1.22873, -0.086828, 0.614365
0.643612, 0.0862707, -0.321806, -0.0431353, -0.0100469, -1.28878, 0.00502345, 0.644388
0.621714, -0.040963, -0.310857, 0.0204815, -0.218976, -1.31678, 0.109488, 0.658391
0.576969, -0.166691, -0.288485, 0.0833456, -0.447453, -1.30173, 0.223727, 0.650864
0.508547, -0.285579, -0.254274, 0.14279, -0.684219, -1.23332, 0.342109, 0.616662
0.417342, -0.391673, -0.208671, 0.195836, -0.912056, -1.10538, 0.456028, 0.55269
0.30635, -0.479197, -0.153175, 0.239599, -1.10992, -0.919689, 0.554958, 0.459844
0.180557, -0.54357, -0.0902786, 0.271785, -1.25793, -0.688168, 0.628964, 0.344084
0.0462234, -0.582229, -0.0231117, 0.291114, -1.34334, -0.431037, 0.671669, 0.215518
-0.0901726, -0.594912, 0.0450863, 0.297456, -1.36396, -0.17128, 0.68198, 0.0856399
-0.222889, -0.583322, 0.111445, 0.291661, -1.32717, 0.071462, 0.663584, -0.035731
-0.34747, -0.550437, 0.173735, 0.275219, -1.2458, 0.2844, 0.622902, -0.1422
-0.460852, -0.499813, 0.230426, 0.249907, -1.13382, 0.461795, 0.56691, -0.230898
-0.561197, -0.435051, 0.280599, 0.217525, -1.00345, 0.603183, 0.501727, -0.301592
-0.64761, -0.359487, 0.323805, 0.179743, -0.864124, 0.711194, 0.432062, -0.355597
-0.719856, -0.276059, 0.359928, 0.13803, -0.722465, 0.789829, 0.361233, -0.394914
-0.77814, -0.187277, 0.38907, 0.0936387, -0.582837, 0.843375, 0.291419, -0.421688
-0.822932, -0.0952485, 0.411466, 0.0476242, -0.447925, 0.875845, 0.223963, -0.437922
-0.854859, -0.00173036, 0.427429, 0.000865179, -0.319263, 0.890737, 0.159632, -0.445368
-0.874621, 0.0918124, 0.437311, -0.0459062, -0.197629, 0.890983, 0.0988144, -0.445491
-0.882954, 0.184155, 0.441477, -0.0920776, -0.083323, 0.878984, 0.0416615, -0.439492
-0.88059, 0.274267, 0.440295, -0.137134, 0.0236397, 0.856675, -0.0118199, -0.428337
-0.868249, 0.361272, 0.434125, -0.180636, 0.123407, 0.825602, -0.0617033, -0.412801
-0.846629, 0.444415, 0.423314, -0.222208, 0.216205, 0.786989, -0.108102, -0.393495
-0.8164, 0.52304, 0.4082, -0.26152, 0.302288, 0.741802, -0.151144, -0.370901
-0.77821, 0.596564, 0.389105, -0.298282, 0.381904, 0.690794, -0.190952, -0.345397
-0.732682, 0.664463, 0.366341, -0.332231, 0.455275, 0.63455, -0.227637, -0.317275
-0.680424, 0.726259, 0.340212, -0.363129, 0.522577, 0.573513, -0.261289, -0.286757
-0.62203, 0.781505, 0.311015, -0.390753, 0.583938, 0.508019, -0.291969, -0.25401
-0.558088, 0.82978, 0.279044, -0.41489, 0.639424, 0.438309, -0.319712, -0.219154
-0.489185, 0.87068, 0.244592, -0.43534, 0.689032, 0.36455, -0.344516, -0.182275
-0.415916, 0.90381, 0.207958, -0.451905, 0.732686, 0.286852, -0.366343, -0.143426
-0.338894, 0.928782, 0.169447, -0.464391, 0.770226, 0.205275, -0.385113, -0.102638
-0.258754, 0.945211, 0.129377, -0.472605, 0.801396, 0.119848, -0.400698, -0.0599241
-0.176171, 0.952713, 0.0880853, -0.476356, 0.825835, 0.0305766, -0.412917, -0.0152883
-0.0918653, 0.950903, 0.0459327, -0.475452, 0.843053, -0.0625387, -0.421527, 0.0312693
-0.00662345, 0.9394, 0.00331172, -0.4697, 0.852419, -0.159483, -0.426209, 0.0797415
0.0786895, 0.917824, -0.0393447, -0.458912, 0.853129, -0.260203, -0.426565, 0.130101
0.163108, 0.885811, -0.0815538, -0.442906, 0.844181, -0.364568, -0.422091, 0.182284
0.245542, 0.843023, -0.122771, -0.421512, 0.82434, -0.472325, -0.41217, 0.236163
0.324751, 0.789166, -0.162376, -0.394583, 0.792099, -0.583019, -0.396049, 0.291509
0.399316, 0.724021, -0.199658, -0.36201, 0.745649, -0.695894, -0.372825, 0.347947
0.467602, 0.647491, -0.233801, -0.323745, 0.682857, -0.809745, -0.341429, 0.404873
0.527729, 0.559664, -0.263865, -0.279832, 0.601274, -0.922714, -0.300637, 0.461357
0.577551, 0.460908, -0.288776, -0.230454, 0.498216, -1.03201, -0.249108, 0.516004
0.614648, 0.351996, -0.307324, -0.175998, 0.370969, -1.13356, -0.185485, 0.566778
0.63637, 0.23428, -0.318185, -0.11714, 0.217219, -1.22161, -0.108609, 0.610803
0.639952, 0.109886, -0.319976, -0.054943, 0.0358228, -1.28839, -0.0179114, 0.644193
0.622755, -0.0180762, -0.311378, 0.00903811, -0.171966, -1.32407, 0.0859832, 0.662033
0.582668, -0.145374, -0.291334, 0.072687, -0.400876, -1.31742, 0.200438, 0.658711
0.518666, -0.266705, -0.259333, 0.133353, -0.640024, -1.25776, 0.320012, 0.628878
0.431423, -0.376086, -0.215712, 0.188043, -0.872424, -1.13825, 0.436212, 0.569126
0.323726, -0.467635, -0.161863, 0.233818, -1.07698, -0.959938, 0.538488, 0.479969
0.200387, -0.536591, -0.100194, 0.268295, -1.23338, -0.734003, 0.61669, 0.367002
0.0675709, -0.580166, -0.0337854, 0.290083, -1.32817, -0.480192, 0.664083, 0.240096
-0.0682599, -0.59786, 0.03413, 0.29893, -1.35831, -0.221391, 0.679154, 0.110695
-0.201306, -0.591165, 0.100653, 0.295583, -1.33046, 0.0225086, 0.66523, -0.0112543
-0.327005, -0.562894, 0.163503, 0.281447, -1.25699, 0.238263, 0.628496, -0.119131
-0.442168, -0.516487, 0.221084, 0.258243, -1.15163, 0.41963, 0.575814, -0.209815
-0.544826, -0.455472, 0.272413, 0.227736, -1.02658, 0.565701, 0.513288, -0.28285
-0.63396, -0.383152, 0.31698, 0.191576, -0.891343, 0.678755, 0.445672, -0.339378
-0.70923, -0.302453, 0.354615, 0.151227, -0.752702, 0.762547, 0.376351, -0.381274
-0.770746, -0.215889, 0.385373, 0.107944, -0.615163, 0.821201, 0.307582, -0.410601
-0.818902, -0.125582, 0.409451, 0.0627909, -0.481559, 0.858624, 0.24078, -0.429312
-0.854257, -0.0333119, 0.427129, 0.016656, -0.353551, 0.878255, 0.176775, -0.439127
-0.87746, 0.0594319, 0.43873, -0.0297159, -0.232021, 0.882994, 0.116011, -0.441497
-0.889196, 0.151399, 0.444598, -0.0756995, -0.117362, 0.875228, 0.0586808, -0.437614
-0.890161, 0.241532, 0.445081, -0.120766, -0.00965661, 0.856889, 0.0048283, -0.428445
-0.881043, 0.32893, 0.440522, -0.164465, 0.0911832, 0.829528, -0.0455916, -0.414764
-0.862509, 0.412812, 0.431255, -0.206406, 0.185339, 0.794375, -0.0926696, -0.397188
-0.835206, 0.492497, 0.417603, -0.246248, 0.27303, 0.752405, -0.136515, -0.376203
-0.799759, 0.567379, 0.399879, -0.283689, 0.354475, 0.704379, -0.177237, -0.35219
-0.756771, 0.636912, 0.378386, -0.318456, 0.429873, 0.650889, -0.214936, -0.325445
-0.706833, 0.700595, 0.353416, -0.350298, 0.499386, 0.592386, -0.249693, -0.296193
-0.65052, 0.757961, 0.32526, -0.37898, 0.563126, 0.529208, -0.281563, -0.264604
-0.588405, 0.808565, 0.294203, -0.404282, 0.621152, 0.461598, -0.310576, -0.230799
-0.521059, 0.851982, 0.26053, -0.425991, 0.673455, 0.389726, -0.336728, -0.194863
-0.449064, 0.887796, 0.224532, -0.443898, 0.719954, 0.313695, -0.359977, -0.156847
-0.373015, 0.915596, 0.186508, -0.457798, 0.760487, 0.233562, -0.380244, -0.116781
-0.293536, 0.934975, 0.146768, -0.467488, 0.794798, 0.149344, -0.397399, -0.0746718
-0.211283, 0.945523, 0.105642, -0.472762, 0.822523, 0.0610339, -0.411261, -0.0305169
-0.126966, 0.946829, 0.0634829, -0.473415, 0.843174, -0.0313851, -0.421587, 0.0156925
-0.0413539, 0.938481, 0.020677, -0.469241, 0.85612, -0.127922, -0.42806, 0.0639611
0.0447015, 0.92007, -0.0223507, -0.460035, 0.860554, -0.228553, -0.430277, 0.114277
0.130248, 0.891196, -0.0651242, -0.445598, 0.85547, -0.333187, -0.427735, 0.166593
0.214211, 0.851479, -0.107105, -0.42574, 0.839624, -0.441612, -0.419812, 0.220806
0.29536, 0.800581, -0.14768, -0.40029, 0.811493, -0.553433, -0.405746, 0.276716
0.372284, 0.738229, -0.186142, -0.369115, 0.76924, -0.667959, -0.38462, 0.33398
0.443353, 0.664267, -0.221676, -0.332133, 0.710688, -0.784066, -0.355344, 0.392033
0.506685, 0.578713, -0.253343, -0.289356, 0.633321, -0.899984, -0.31666, 0.449992
0.56012, 0.481855, -0.28006, -0.240928, 0.534351, -1.01302, -0.267176, 0.506511
0.601212, 0.374379, -0.300606, -0.187189, 0.410917, -1.11921, -0.205458, 0.559605
0.627261, 0.257535, -0.313631, -0.128768, 0.260492, -1.21288, -0.130246, 0.60644
0.635426, 0.133349, -0.317713, -0.0666744, 0.0816501, -1.28631, -0.040825, 0.643154
0.622954, 0.00483165, -0.311477, -0.00241582, -0.124718, -1.32962, 0.0623588, 0.664808
0.587579, -0.123863, -0.29379, 0.0619315, -0.353749, -1.33139, 0.176875, 0.665696
0.528084, -0.247473, -0.264042, 0.123737, -0.594957, -1.28054, 0.297478, 0.640272
0.444923, -0.359993, -0.222461, 0.179996, -0.831609, -1.16964, 0.415805, 0.584822
0.340665, -0.455443, -0.170333, 0.227722, -1.04258, -0.998947, 0.521288, 0.499474
0.219949, -0.528889, -0.109974, 0.264445, -1.20717, -0.778904, 0.603583, 0.389452
0.0888291, -0.57732, -0.0444146, 0.28866, -1.31119, -0.528754, 0.655597, 0.264377
-0.0462523, -0.600002, 0.0231261, 0.300001, -1.35081, -0.271258, 0.675407, 0.135629
-0.179447, -0.59821, 0.0897236, 0.299105, -1.33195, -0.0265301, 0.665974, 0.013265
-0.306094, -0.574591, 0.153047, 0.287295, -1.26647, 0.191748, 0.633236, -0.0958739
-0.422881, -0.532462, 0.211441, 0.266231, -1.16787, 0.376841, 0.583935, -0.188421
-0.527711, -0.475279, 0.263856, 0.237639, -1.0483, 0.527393, 0.52415, -0.263697
-0.619446, -0.4063, 0.309723, 0.20315, -0.917346, 0.645337, 0.458673, -0.322668
-0.697637, -0.328439, 0.348818, 0.164219, -0.781909, 0.734171, 0.390954, -0.367086
-0.762301, -0.244209, 0.381151, 0.122105, -0.646647, 0.79785, 0.323324, -0.398925
-0.813755, -0.155747, 0.406877, 0.0778737, -0.514533, 0.840174, 0.257267, -0.420087
-0.85249, -0.0648514, 0.426245, 0.0324257, -0.387352, 0.864516, 0.193676, -0.432258
-0.879099, 0.0269671, 0.43955, -0.0134835, -0.266094, 0.873741, 0.133047, -0.43687
-0.894223, 0.118433, 0.447111, -0.0592166, -0.151236, 0.870217, 0.0756182, -0.435109
-0.898517, 0.208465, 0.449258, -0.104233, -0.0429365, 0.855874, 0.0214683, -0.427937
-0.892633, 0.296136, 0.446316, -0.148068, 0.0588382, 0.832261, -0.0294191, -0.41613
-0.87721, 0.380642, 0.438605, -0.190321, 0.154224, 0.800616, -0.0771118, -0.400308
-0.85287, 0.461278, 0.426435, -0.230639, 0.243401, 0.76192, -0.121701, -0.38096
-0.820214, 0.537417, 0.410107, -0.268708, 0.326563, 0.716942, -0.163282, -0.358471
-0.779825, 0.608489, 0.389913, -0.304245, 0.403885, 0.666279, -0.201943, -0.333139
-0.732274, 0.673972, 0.366137, -0.336986, 0.475513, 0.610389, -0.237756, -0.305194
-0.67812, 0.733378, 0.33906, -0.366689, 0.541546, 0.549613, -0.270773, -0.274806
-0.617916, 0.786242, 0.308958, -0.393121, 0.602033, 0.484197, -0.301016, -0.242099
-0.55222, 0.832118, 0.27611, -0.416059, 0.656959, 0.414309, -0.32848, -0.207154
-0.481596, 0.870567, 0.240798, -0.435283, 0.70624, 0.34005, -0.35312, -0.170025
-0.406625, 0.901158, 0.203313, -0.450579, 0.74971, 0.261469, -0.374855, -0.130735
-0.327914, 0.92346, 0.163957, -0.46173, 0.787114, 0.178576, -0.393557, -0.0892879
-0.246105, 0.93704, 0.123053, -0.46852, 0.818088, 0.0913489, -0.409044, -0.0456744
-0.161891, 0.941459, 0.0809453, -0.47073, 0.842145, -0.00024722, -0.421072, 0.00012361
-0.0760255, 0.936279, 0.0380127, -0.46814, 0.858652, -0.0962449, -0.429326, 0.0481225
0.010655, 0.921059, -0.00532749, -0.460529, 0.866805, -0.19665, -0.433402, 0.098325
0.0972143, 0.895363, -0.0486071, -0.447681, 0.865593, -0.301408, -0.432796, 0.150704
0.182591, 0.858772, -0.0912953, -0.429386, 0.853764, -0.410355, -0.426882, 0.205177
0.265569, 0.810901, -0.132784, -0.405451, 0.829782, -0.523149, -0.414891, 0.261575
0.344747, 0.751428, -0.172374, -0.375714, 0.791785, -0.639171, -0.395892, 0.319586
0.418503, 0.680135, -0.209251, -0.340068, 0.737554, -0.757375, -0.368777, 0.378688
0.484954, 0.596971, -0.242477, -0.298486, 0.664509, -0.876086, -0.332254, 0.438043
0.54193, 0.502144, -0.270965, -0.251072, 0.569764, -0.992715, -0.284882, 0.496358
0.586961, 0.396249, -0.293481, -0.198124, 0.450311, -1.1034, -0.225156, 0.551699
0.617303, 0.280437, -0.308651, -0.140218, 0.303418, -1.20256, -0.151709, 0.601282
0.63004, 0.156627, -0.31502, -0.0783136, 0.127373, -1.28254, -0.0636864, 0.64127
0.622311, 0.0277297, -0.311155, -0.0138648, -0.0772935, -1.33342, 0.0386467, 0.66671
0.591697, -0.102188, -0.295849, 0.0510938, -0.306138, -1.34362, 0.153069, 0.671808
0.536789, -0.227909, -0.268395, 0.113955, -0.54908, -1.30166, 0.27454, 0.65083
0.457822, -0.343416, -0.228911, 0.171708, -0.789666, -1.19951, 0.394833, 0.599756
0.357146, -0.442638, -0.178573, 0.221319, -1.00676, -1.03667, 0.503382, 0.518333
0.239215, -0.520475, -0.119607, 0.260237, -1.17932, -0.82281, 0.589658, 0.411405
0.10997, -0.573696, -0.0549848, 0.286848, -1.29245, -0.576658, 0.646224, 0.288329
-0.0241795, -0.601333, 0.0120897, 0.300666, -1.34149, -0.320813, 0.670745, 0.160406
-0.157343, -0.604447, 0.0786713, 0.302224, -1.33163, -0.0755876, 0.665815, 0.0377938
-0.284766, -0.585511, 0.142383, 0.292755, -1.27423, 0.144918, 0.637115, -0.0724592
-0.403018, -0.547718, 0.201509, 0.273859, -1.18252, 0.333485, 0.59126, -0.166743
-0.509877, -0.494442, 0.254939, 0.247221, -1.0686, 0.488314, 0.534298, -0.244157
-0.604087, -0.428899, 0.302043, 0.21445, -0.942096, 0.610984, 0.471048, -0.305492
-0.685092, -0.353981, 0.342546, 0.17699, -0.810047, 0.704739, 0.405023, -0.352369
-0.752816, -0.272201, 0.376408, 0.1361, -0.677246, 0.773356, 0.338623, -0.386678
-0.807496, -0.185704, 0.403748, 0.0928521, -0.546801, 0.820521, 0.273401, -0.410261
-0.849558, -0.0963058, 0.424779, 0.0481529, -0.42062, 0.84954, 0.21031, -0.42477
-0.879538, -0.00553778, 0.439769, 0.00276889, -0.299799, 0.863236, 0.1499, -0.431618
-0.898028, 0.0853026, 0.449014, -0.0426513, -0.184901, 0.86396, 0.0924507, -0.43198
-0.905644, 0.17511, 0.452822, -0.087555, -0.0761546, 0.85363, 0.0380773, -0.426815
-0.903002, 0.262934, 0.451501, -0.131467, 0.0264158, 0.833797, -0.0132079, -0.416899
-0.890712, 0.347949, 0.445356, -0.173975, 0.1229, 0.805704, -0.0614498, -0.402852
-0.869368, 0.429427, 0.434684, -0.214713, 0.213443, 0.770334, -0.106721, -0.385167
-0.839547, 0.506718, 0.419774, -0.253359, 0.298207, 0.728464, -0.149104, -0.364232
-0.801812, 0.579232, 0.400906, -0.289616, 0.377348, 0.680698, -0.188674, -0.340349
-0.756713, 0.646426, 0.378357, -0.323213, 0.450992, 0.627497, -0.225496, -0.313749
-0.704791, 0.707791, 0.352395, -0.353896, 0.519227, 0.569207, -0.259614, -0.284603
-0.646581, 0.762843, 0.323291, -0.381422, 0.582092, 0.506074, -0.291046, -0.253037
-0.582625, 0.811114, 0.291312, -0.405557, 0.639566, 0.438266, -0.319783, -0.219133
-0.513469, 0.852147, 0.256734, -0.426073, 0.691561, 0.36588, -0.345781, -0.18294
-0.439678, 0.885487, 0.219839, -0.442743, 0.73791, 0.28896, -0.368955, -0.14448
-0.361842, 0.910682, 0.180921, -0.455341, 0.778355, 0.207505, -0.389178, -0.103752
-0.280589, 0.927274, 0.140294, -0.463637, 0.812536, 0.12148, -0.406268, -0.0607401
-0.196592, 0.934802, 0.098296, -0.467401, 0.839965, 0.0308324, -0.419983, -0.0154162
-0.110591, 0.932797, 0.0552954, -0.466399, 0.860013, -0.0644945, -0.430006, 0.0322473
-0.0234035, 0.920788, 0.0117017, -0.460394, 0.871874, -0.164536, -0.435937, 0.082268
0.0640501, 0.898305, -0.0320251, -0.449152, 0.874536, -0.269275, -0.437268, 0.134637
0.150724, 0.86489, -0.0753621, -0.432445, 0.866741, -0.378594, -0.433371, 0.189297
0.235418, 0.820113, -0.117709, -0.410057, 0.846941, -0.492209, -0.423471, 0.246105
0.316744, 0.763601, -0.158372, -0.381801, 0.813253, -0.609568, -0.406626, 0.304784
0.393085, 0.695075, -0.196543, -0.347537, 0.763418, -0.729709, -0.381709, 0.364854
0.462565, 0.614414, -0.231283, -0.307207, 0.694796, -0.851051, -0.347398, 0.425525
0.523006, 0.521747, -0.261503, -0.260874, 0.604406, -0.971113, -0.302203, 0.485557
0.571915, 0.417577, -0.285958, -0.208789, 0.489098, -1.08614, -0.244549, 0.543072
0.606509, 0.302954, -0.303255, -0.151477, 0.345936, -1.19067, -0.172968, 0.595336
0.623802, 0.17969, -0.311901, -0.089845, 0.172929, -1.27709, -0.0864643, 0.638545
0.620826, 0.0505869, -0.310413, -0.0252934, -0.0297583, -1.33547, 0.0148792, 0.667737
0.595015, -0.0803768, -0.297508, 0.0401884, -0.258106, -1.35408, 0.129053, 0.677041
0.54477, -0.20804, -0.272385, 0.10402, -0.502455, -1.32107, 0.251228, 0.660537
0.470105, -0.326377, -0.235052, 0.163189, -0.74665, -1.22782, 0.373325, 0.61391
0.373146, -0.429237, -0.186573, 0.214618, -0.969588, -1.07304, 0.484794, 0.536521
0.258159, -0.511359, -0.12908, 0.255679, -1.14987, -0.86566, 0.574935, 0.43283
0.130964, -0.569298, -0.0654819, 0.284649, -1.27195, -0.623838, 0.635977, 0.311919
-0.00207125, -0.601852, 0.00103563, 0.300926, -1.33035, -0.369989, 0.665175, 0.184995
-0.135022, -0.609868, 0.0675109, 0.304934, -1.32951, -0.124597, 0.664753, 0.0622987
-0.263048, -0.595639, 0.131524, 0.29782, -1.28026, 0.0978377, 0.64013, -0.0489189
-0.382604, -0.562233, 0.191302, 0.281116, -1.19556, 0.289622, 0.597782, -0.144811
-0.491348, -0.512937, 0.245674, 0.256468, -1.08743, 0.448516, 0.543717, -0.224258
-0.587904, -0.450918, 0.293952, 0.225459, -0.965561, 0.575745, 0.48278, -0.287872
-0.671611, -0.379044, 0.335806, 0.189522, -0.837078, 0.67429, 0.418539, -0.337145
-0.742303, -0.299825, 0.371152, 0.149912, -0.706918, 0.74775, 0.353459, -0.373875
-0.800135, -0.215411, 0.400068, 0.107706, -0.57832, 0.799692, 0.28916, -0.399846
-0.845466, -0.127632, 0.422733, 0.0638161, -0.453312, 0.833347, 0.226656, -0.416673
-0.878776, -0.0380382, 0.439388, 0.0190191, -0.333092, 0.851495, 0.166546, -0.425748
-0.900607, 0.0520526, 0.450303, -0.0260263, -0.21831, 0.856464, 0.109155, -0.428232
-0.911533, 0.141513, 0.455767, -0.0707566, -0.109266, 0.850161, 0.0546328, -0.425081
-0.912137, 0.229371, 0.456069, -0.114686, -0.0060399, 0.834136, 0.00301995, -0.417068
-0.902996, 0.314779, 0.451498, -0.157389, 0.0914104, 0.80963, -0.0457052, -0.404815
-0.884677, 0.396986, 0.442338, -0.198493, 0.183194, 0.777635, -0.0915972, -0.388817
-0.857732, 0.475324, 0.428866, -0.237662, 0.269446, 0.738931, -0.134723, -0.369465
-0.822702, 0.549181, 0.411351, -0.274591, 0.350296, 0.694126, -0.175148, -0.347063
-0.780117, 0.617994, 0.390058, -0.308997, 0.425856, 0.643688, -0.212928, -0.321844
-0.730497, 0.681235, 0.365248, -0.340618, 0.4962, 0.587963, -0.2481, -0.293981
-0.674361, 0.738399, 0.337181, -0.3692, 0.561357, 0.5272, -0.280678, -0.2636
-0.612231, 0.789, 0.306116, -0.3945, 0.6213, 0.461564, -0.31065, -0.230782
-0.544637, 0.83256, 0.272319, -0.41628, 0.675938, 0.391151, -0.337969, -0.195575
-0.472127, 0.868604, 0.236064, -0.434302, 0.725101, 0.315997, -0.362551, -0.157998
-0.395274, 0.896657, 0.197637, -0.448329, 0.768534, 0.236091, -0.384267, -0.118046
-0.314686, 0.916241, 0.157343, -0.45812, 0.805874, 0.151387, -0.402937, -0.0756933
-0.231023, 0.926866, 0.115511, -0.463433, 0.836639, 0.0618113, -0.41832, -0.0309056
-0.145003, 0.928039, 0.0725013, -0.46402, 0.8602, -0.0327143, -0.4301, 0.0163571
-0.0574273, 0.919258, 0.0287136, -0.459629, 0.875753, -0.132255, -0.437876, 0.0661277
0.0308013, 0.900019, -0.0154007, -0.45001, 0.882286, -0.236832, -0.441143, 0.118416
0.118655, 0.869826, -0.0593275, -0.434913, 0.878537, -0.346374, -0.439268, 0.173187
0.20495, 0.828205, -0.102475, -0.414103, 0.862948, -0.460655, -0.431474, 0.230327
0.288311, 0.774731, -0.144156, -0.387365, 0.833614, -0.579191, -0.416807, 0.289596
0.367136, 0.709065, -0.183568, -0.354532, 0.788245, -0.701105, -0.394122, 0.350552
0.43955, 0.631018, -0.219775, -0.315509, 0.72414, -0.824913, -0.36207, 0.412457
0.503373, 0.540637, -0.251686, -0.270319, 0.638229, -0.948247, -0.319115, 0.474123
0.556095, 0.438335, -0.278048, -0.219167, 0.527225, -1.06747, -0.263613, 0.533734
0.594894, 0.325058, -0.297447, -0.162529, 0.387991, -1.17722, -0.193995, 0.588609
0.61672, 0.202506, -0.30836, -0.101253, 0.218256, -1.26996, -0.109128, 0.634982
0.618502, 0.0733724, -0.309251, -0.0366862, 0.0178233, -1.33578, -0.00891164, 0.667889
0.59753, -0.0584602, -0.298765, 0.0292301, -0.209719, -1.36277, 0.104859, 0.681385
0.552016, -0.187892, -0.276008, 0.0939458, -0.455145, -1.33876, 0.227573, 0.669379
0.481754, -0.3089, -0.240877, 0.15445, -0.702621, -1.25452, 0.351311, 0.627262
0.388644, -0.415258, -0.194322, 0.207629, -0.931099, -1.10802, 0.46555, 0.554012
0.276757, -0.501553, -0.138378, 0.250777, -1.11887, -0.907398, 0.559434, 0.453699
0.151783, -0.564132, -0.0758916, 0.282066, -1.24974, -0.67023, 0.624868, 0.335115
0.0200425, -0.601559, -0.0100213, 0.30078, -1.31741, -0.41872, 0.658704, 0.20936
-0.112515, -0.614464, 0.0562576, 0.307232, -1.32558, -0.173493, 0.662789, 0.0867465
-0.24097, -0.604963, 0.120485, 0.302481, -1.28455, 0.05057, 0.642275, -0.025285
-0.361668, -0.575987, 0.180834, 0.287994, -1.20698, 0.24531, 0.60349, -0.122655
-0.472147, -0.530737, 0.236074, 0.265369, -1.10479, 0.408053, 0.552396, -0.204026
-0.570918, -0.472326, 0.285459, 0.236163, -0.987708, 0.539666, 0.493854, -0.269833
-0.657215, -0.403595, 0.328607, 0.201798, -0.862965, 0.642867, 0.431483, -0.321434
-0.730777, -0.327044, 0.365388, 0.163522, -0.735622, 0.721068, 0.367811, -0.360534
-0.791682, -0.244828, 0.395841, 0.122414, -0.609046, 0.777715, 0.304523, -0.388858
-0.84022, -0.158788, 0.42011, 0.0793938, -0.485381, 0.815959, 0.24269, -0.407979
-0.876812, -0.0704899, 0.438406, 0.035245, -0.365926, 0.838533, 0.182963, -0.419267
-0.901954, 0.0187285, 0.450977, -0.00936423, -0.251418, 0.847739, 0.125709, -0.42387
-0.916177, 0.10772, 0.458088, -0.05386, -0.142224, 0.845472, 0.0711121, -0.422736
-0.920025, 0.195492, 0.460012, -0.097746, -0.0384845, 0.833275, 0.0192423, -0.416637
-0.914045, 0.281176, 0.457023, -0.140588, 0.0597989, 0.812391, -0.0298995, -0.406195
-0.898775, 0.364001, 0.449388, -0.182001, 0.152698, 0.783813, -0.0763491, -0.391907
-0.874743, 0.443279, 0.437372, -0.221639, 0.240318, 0.748328, -0.120159, -0.374164
-0.842467, 0.518378, 0.421233, -0.259189, 0.322768, 0.706546, -0.161384, -0.353273
-0.802453, 0.588716, 0.401226, -0.294358, 0.400139, 0.658939, -0.20007, -0.329469
-0.755203, 0.653746, 0.377602, -0.326873, 0.472495, 0.605855, -0.236248, -0.302927
-0.701218, 0.712945, 0.350609, -0.356472, 0.539855, 0.547545, -0.269928, -0.273772
-0.640999, 0.765806, 0.3205, -0.382903, 0.602186, 0.484171, -0.301093, -0.242086
-0.57506, 0.811833, 0.28753, -0.405917, 0.659392, 0.415827, -0.329696, -0.207914
-0.50393, 0.850532, 0.251965, -0.425266, 0.711303, 0.342542, -0.355651, -0.171271
-0.428163, 0.881406, 0.214082, -0.440703, 0.757663, 0.264296, -0.378831, -0.132148
-0.348352, 0.903953, 0.174176, -0.451977, 0.798112, 0.181027, -0.399056, -0.0905137
-0.265135, 0.917662, 0.132567, -0.458831, 0.832171, 0.0926472, -0.416086, -0.0463236
-0.179214, 0.922012, 0.0896068, -0.461006, 0.859213, -0.000947612, -0.429606, 0.000473806
-0.09137, 0.916471, 0.045685, -0.458236, 0.878437, -0.0998521, -0.439219, 0.049926
-0.00248669, 0.900503, 0.00124334, -0.450252, 0.888833, -0.204124, -0.444416, 0.102062
0.0864269, 0.873574, -0.0432134, -0.436787, 0.889136, -0.313739, -0.444568, 0.15687
0.174205, 0.835166, -0.0871024, -0.417583, 0.877779, -0.428529, -0.438889, 0.214264
0.259489, 0.784802, -0.129744, -0.392401, 0.852842, -0.548081, -0.426421, 0.274041
0.340689, 0.722086, -0.170344, -0.361043, 0.812001, -0.671602, -0.406, 0.335801
0.415939, 0.64676, -0.20797, -0.32338, 0.752502, -0.797709, -0.376251, 0.398854
0.483058, 0.55879, -0.241529, -0.279395, 0.671188, -0.924146, -0.335594, 0.462073
0.539522, 0.458494, -0.269761, -0.229247, 0.56464, -1.0474, -0.28232, 0.523699
0.582474, 0.346716, -0.291237, -0.173358, 0.429524, -1.16222, -0.214762, 0.581111
0.608804, 0.225044, -0.304402, -0.112522, 0.263292, -1.26117, -0.131646, 0.630586
0.615342, 0.0960554, -0.307671, -0.0480277, 0.0653867, -1.33433, -0.0326934, 0.667163
0.599238, -0.0364674, -0.299619, 0.0182337, -0.161041, -1.36967, 0.0805207, 0.684836
0.558517, -0.167492, -0.279258, 0.0837461, -0.407214, -1.35469, 0.203607, 0.677346
0.492753, -0.291007, -0.246376, 0.145503, -0.657638, -1.27959, 0.328819, 0.639796
0.403618, -0.400719, -0.201809, 0.20036, -0.891349, -1.14157, 0.445674, 0.570784
0.294983, -0.491072, -0.147491, 0.245536, -1.08635, -0.947967, 0.543176, 0.473984
0.1724, -0.558204, -0.0862, 0.279102, -1.22583, -0.715773, 0.612914, 0.357886
0.042132, -0.600454, -0.021066, 0.300227, -1.30268, -0.466939, 0.65134, 0.233469
-0.0898532, -0.61823, 0.0449266, 0.309115, -1.31985, -0.222208, 0.659926, 0.111104
-0.218563, -0.613468, 0.109281, 0.306734, -1.28709, 0.00317936, 0.643547, -0.00158968
-0.340238, -0.588962, 0.170119, 0.294481, -1.21675, 0.200611, 0.608377, -0.100306
-0.452303, -0.54782, 0.226151, 0.27391, -1.12064, 0.36698, 0.560322, -0.18349
-0.553154, -0.493096, 0.276577, 0.246548, -1.00851, 0.502798, 0.504254, -0.251399
-0.641921, -0.4276, 0.32096, 0.2138, -0.887674, 0.610513, 0.443837, -0.305256
-0.718253, -0.353821, 0.359126, 0.17691, -0.763321, 0.693348, 0.38166, -0.346674
-0.782147, -0.273914, 0.391073, 0.136957, -0.638938, 0.75462, 0.319469, -0.37731
